id_motorista,nome_completo,cpf,registro_cnh,categoria,data_emissao,data_vencimento,snapshot_date
1,Jose Santos,433.404.305-87,347459223,AC,2017-11-19,2027-11-17,2026-04-22 21:46:34.562137
2,Carlos Rodrigues,832.177.378-75,845976379,D,2022-06-14,2032-06-11,2026-04-22 21:46:34.562147
3,Beatriz Gomes,929.653.813-64,241437279,C,2010-04-30,2020-04-27,2026-04-22 21:46:34.562154
4,Carlos Silva,760.622.775-97,425141286,E,2014-04-12,2024-04-09,2026-04-22 21:46:34.562159
5,Jose Oliveira,425.788.965-50,930601807,AB,2020-06-29,2030-06-27,2026-04-22 21:46:34.562164
6,Joao Ferreira,639.709.772-37,522963052,AE,2018-10-01,2028-09-28,2026-04-22 21:46:34.562169
7,Ana Lima,861.475.978-86,748269994,B,2014-11-02,2024-10-30,2026-04-22 21:46:34.562173
8,Ricardo Lima,728.668.630-76,525662634,B,2011-08-27,2021-08-24,2026-04-22 21:46:34.562177
9,Adriana Alves,856.136.145-17,270444566,AE,2023-04-15,2033-04-12,2026-04-22 21:46:34.562181
10,Joao Santos,277.452.241-27,467022612,AD,2023-02-22,2033-02-19,2026-04-22 21:46:34.562185
11,Paulo Alves,716.601.413-67,690189904,AC,2021-06-09,2031-06-07,2026-04-22 21:46:34.562189
12,Paulo Silva,485.811.830-74,948461037,C,2014-03-08,2024-03-05,2026-04-22 21:46:34.562193
13,Fernanda Souza,135.751.546-75,494441377,AB,2016-04-04,2026-04-02,2026-04-22 21:46:34.562197
14,Joao Lima,321.951.918-63,795859599,AC,2011-06-09,2021-06-06,2026-04-22 21:46:34.562201
15,Beatriz Oliveira,906.415.172-71,484950477,AB,2012-03-04,2022-03-02,2026-04-22 21:46:34.562205
16,Maria Rodrigues,509.822.287-57,682638857,AB,2015-10-28,2025-10-25,2026-04-22 21:46:34.562209
17,Adriana Alves,538.418.130-18,558577874,B,2021-01-12,2031-01-10,2026-04-22 21:46:34.562218
18,Adriana Oliveira,121.911.534-88,504077086,AD,2014-04-12,2024-04-09,2026-04-22 21:46:34.562222
19,Fernanda Pereira,508.883.356-69,720206120,E,2019-03-05,2029-03-02,2026-04-22 21:46:34.562226
20,Joao Rodrigues,741.341.730-59,564000233,D,2011-08-24,2021-08-21,2026-04-22 21:46:34.562230
21,Ricardo Lima,184.765.455-31,160024865,AC,2013-12-02,2023-11-30,2026-04-22 21:46:34.562233
22,Beatriz Silva,854.720.224-30,486200025,A,2012-09-03,2022-09-01,2026-04-22 21:46:34.562239
23,Joao Alves,364.411.139-84,213814460,B,2021-10-27,2031-10-25,2026-04-22 21:46:34.562243
24,Adriana Ferreira,851.674.256-33,912514535,E,2014-10-26,2024-10-23,2026-04-22 21:46:34.562249
25,Maria Oliveira,941.107.401-98,796730488,A,2019-06-15,2029-06-12,2026-04-22 21:46:34.562253
26,Ana Santos,739.308.832-17,716375710,D,2022-05-07,2032-05-04,2026-04-22 21:46:34.562257
27,Ricardo Ferreira,472.955.939-20,395512588,AC,2019-11-23,2029-11-20,2026-04-22 21:46:34.562261
28,Adriana Souza,288.889.850-72,241095545,AB,2015-12-08,2025-12-05,2026-04-22 21:46:34.562265
29,Ricardo Alves,964.190.871-75,485318126,B,2014-12-09,2024-12-06,2026-04-22 21:46:34.562269
30,Ana Oliveira,514.680.795-87,874200000,AC,2018-09-09,2028-09-06,2026-04-22 21:46:34.562273
31,Ana Ferreira,933.478.855-60,953957951,E,2015-11-08,2025-11-05,2026-04-22 21:46:34.562276
32,Beatriz Alves,803.600.865-60,529341339,AB,2014-11-13,2024-11-10,2026-04-22 21:46:34.562280
33,Paulo Alves,468.288.797-11,472968863,AE,2010-10-05,2020-10-02,2026-04-22 21:46:34.562284
34,Paulo Rodrigues,653.747.813-72,734797521,AB,2013-11-03,2023-11-01,2026-04-22 21:46:34.562290
35,Adriana Oliveira,332.867.385-77,270121109,E,2014-12-09,2024-12-06,2026-04-22 21:46:34.562294
36,Joao Gomes,776.132.972-36,483046526,E,2022-08-16,2032-08-13,2026-04-22 21:46:34.562298
37,Joao Silva,496.339.957-42,974312397,AE,2020-04-28,2030-04-26,2026-04-22 21:46:34.562301
38,Jose Alves,312.487.381-51,706659059,AB,2015-10-20,2025-10-17,2026-04-22 21:46:34.562305
39,Ana Pereira,317.545.837-52,236052638,B,2020-01-07,2030-01-04,2026-04-22 21:46:34.562309
40,Adriana Lima,898.965.215-10,333376246,AE,2012-08-18,2022-08-16,2026-04-22 21:46:34.562313
41,Carlos Gomes,626.329.245-48,550528903,AE,2012-07-26,2022-07-24,2026-04-22 21:46:34.562317
42,Paulo Oliveira,124.363.901-35,656271959,A,2023-08-04,2033-08-01,2026-04-22 21:46:34.562323
43,Beatriz Silva,478.807.461-77,328554262,E,2020-01-25,2030-01-22,2026-04-22 21:46:34.562327
44,Fernanda Souza,971.270.991-34,798621925,AE,2015-03-14,2025-03-11,2026-04-22 21:46:34.562331
45,Ricardo Rodrigues,640.808.541-27,351939059,C,2018-09-02,2028-08-30,2026-04-22 21:46:34.562338
46,Adriana Lima,518.623.805-81,789085306,AD,2016-08-16,2026-08-14,2026-04-22 21:46:34.562342
47,Joao Silva,369.560.924-68,966823195,A,2020-04-13,2030-04-11,2026-04-22 21:46:34.562346
48,Jose Gomes,217.150.173-75,141336897,AB,2017-05-31,2027-05-29,2026-04-22 21:46:34.562350
49,Adriana Gomes,583.167.492-20,189391603,A,2017-04-28,2027-04-26,2026-04-22 21:46:34.562354
50,Beatriz Souza,339.581.694-41,673991288,AD,2019-07-04,2029-07-01,2026-04-22 21:46:34.562358
51,Carlos Alves,791.156.984-14,103623587,D,2017-10-19,2027-10-17,2026-04-22 21:46:34.562362
52,Maria Lima,759.634.204-73,307652945,B,2017-03-26,2027-03-24,2026-04-22 21:46:34.562365
53,Joao Lima,553.507.428-34,761698732,AD,2020-08-25,2030-08-23,2026-04-22 21:46:34.562370
54,Joao Pereira,666.580.524-53,735631691,C,2017-06-12,2027-06-10,2026-04-22 21:46:34.562374
55,Ana Souza,564.712.400-51,916181170,B,2019-04-03,2029-03-31,2026-04-22 21:46:34.562378
56,Maria Oliveira,876.520.553-94,641629939,AB,2013-01-31,2023-01-29,2026-04-22 21:46:34.562382
57,Joao Rodrigues,135.351.275-88,300808194,AD,2013-06-15,2023-06-13,2026-04-22 21:46:34.562386
58,Ricardo Souza,622.535.339-39,566751933,C,2015-12-29,2025-12-26,2026-04-22 21:46:34.562389
59,Ana Silva,757.240.636-45,688436267,AD,2015-01-05,2025-01-02,2026-04-22 21:46:34.562393
60,Maria Santos,261.282.515-57,941321160,B,2014-04-27,2024-04-24,2026-04-22 21:46:34.562397
61,Beatriz Lima,995.554.511-18,877415484,B,2016-07-16,2026-07-14,2026-04-22 21:46:34.562403
62,Fernanda Gomes,963.739.167-77,311616176,A,2011-10-09,2021-10-06,2026-04-22 21:46:34.562406
63,Ricardo Ferreira,677.923.716-18,575114982,AE,2020-04-20,2030-04-18,2026-04-22 21:46:34.562410
64,Fernanda Souza,717.875.819-63,142526504,AB,2013-08-13,2023-08-11,2026-04-22 21:46:34.562414
65,Jose Ferreira,235.483.884-61,525976610,D,2012-04-23,2022-04-21,2026-04-22 21:46:34.562418
66,Carlos Souza,749.379.975-92,351175625,AD,2014-12-05,2024-12-02,2026-04-22 21:46:34.562424
67,Paulo Silva,459.362.839-82,432886268,AB,2011-10-10,2021-10-07,2026-04-22 21:46:34.562428
68,Jose Rodrigues,515.572.184-47,649654958,AE,2011-11-03,2021-10-31,2026-04-22 21:46:34.562431
69,Carlos Gomes,485.455.384-46,789556322,A,2014-04-19,2024-04-16,2026-04-22 21:46:34.562435
70,Joao Oliveira,352.217.964-72,773775787,AE,2017-12-15,2027-12-13,2026-04-22 21:46:34.562439
71,Carlos Oliveira,490.449.325-56,768019347,A,2015-07-10,2025-07-07,2026-04-22 21:46:34.562443
72,Paulo Pereira,207.585.114-46,160015284,A,2020-01-03,2029-12-31,2026-04-22 21:46:34.562446
73,Beatriz Rodrigues,965.957.129-29,158395322,AB,2018-11-23,2028-11-20,2026-04-22 21:46:34.562450
74,Jose Silva,958.926.472-54,864667964,C,2017-06-29,2027-06-27,2026-04-22 21:46:34.562488
75,Beatriz Ferreira,798.796.101-37,284861777,AC,2017-08-31,2027-08-29,2026-04-22 21:46:34.562495
76,Maria Gomes,258.801.425-68,159392866,E,2010-06-20,2020-06-17,2026-04-22 21:46:34.562500
77,Ricardo Rodrigues,955.427.483-33,311703481,AE,2023-03-31,2033-03-28,2026-04-22 21:46:34.562504
78,Fernanda Silva,316.924.565-64,829561117,E,2022-05-12,2032-05-09,2026-04-22 21:46:34.562509
79,Beatriz Gomes,487.606.778-79,786618649,AE,2017-03-03,2027-03-01,2026-04-22 21:46:34.562513
80,Fernanda Gomes,433.571.368-64,892966654,AC,2013-02-02,2023-01-31,2026-04-22 21:46:34.562517
81,Jose Oliveira,220.143.569-26,807116781,AE,2019-01-26,2029-01-23,2026-04-22 21:46:34.562526
82,Fernanda Ferreira,185.225.440-49,822170163,AD,2010-02-26,2020-02-24,2026-04-22 21:46:34.562530
83,Joao Oliveira,777.439.446-66,806398607,D,2021-10-22,2031-10-20,2026-04-22 21:46:34.562534
84,Ana Silva,558.961.443-61,149781073,AE,2016-04-04,2026-04-02,2026-04-22 21:46:34.562538
85,Fernanda Lima,907.241.551-66,185880024,B,2012-10-21,2022-10-19,2026-04-22 21:46:34.562542
86,Jose Rodrigues,586.299.446-39,381208707,AE,2012-10-20,2022-10-18,2026-04-22 21:46:34.562545
87,Paulo Oliveira,361.811.903-29,458939615,C,2019-11-22,2029-11-19,2026-04-22 21:46:34.562549
88,Ricardo Souza,829.539.263-52,548686810,AC,2022-02-25,2032-02-23,2026-04-22 21:46:34.562555
89,Adriana Santos,792.358.674-22,997229621,E,2017-09-26,2027-09-24,2026-04-22 21:46:34.562560
90,Carlos Santos,155.514.886-68,157980176,AC,2017-08-12,2027-08-10,2026-04-22 21:46:34.562563
91,Paulo Rodrigues,618.252.489-36,674057337,AB,2013-01-04,2023-01-02,2026-04-22 21:46:34.562567
92,Beatriz Oliveira,547.247.687-94,286078268,C,2022-04-08,2032-04-05,2026-04-22 21:46:34.562571
93,Beatriz Gomes,889.224.781-63,693442530,B,2018-12-04,2028-12-01,2026-04-22 21:46:34.562575
94,Adriana Santos,246.162.948-25,595986017,AD,2022-07-21,2032-07-18,2026-04-22 21:46:34.562579
95,Maria Ferreira,585.984.140-26,369844288,D,2010-04-07,2020-04-04,2026-04-22 21:46:34.562582
96,Joao Santos,889.928.517-58,592374842,AE,2020-10-19,2030-10-17,2026-04-22 21:46:34.562586
97,Paulo Alves,155.173.928-98,168823164,AE,2016-04-22,2026-04-20,2026-04-22 21:46:34.562590
98,Jose Oliveira,219.346.935-32,844207406,D,2016-12-20,2026-12-18,2026-04-22 21:46:34.562594
99,Beatriz Silva,880.275.131-49,705582334,C,2012-09-16,2022-09-14,2026-04-22 21:46:34.562598
100,Beatriz Rodrigues,701.194.831-78,762778702,E,2022-02-03,2032-02-01,2026-04-22 21:46:34.562604
101,Beatriz Rodrigues,136.719.415-61,514452737,C,2017-03-28,2027-03-26,2026-04-22 21:46:34.562608
102,Jose Lima,662.626.295-20,668281666,C,2013-06-17,2023-06-15,2026-04-22 21:46:34.562614
103,Paulo Rodrigues,610.650.339-38,665023477,AB,2013-05-23,2023-05-21,2026-04-22 21:46:34.562618
104,Carlos Alves,393.771.807-61,783241524,A,2019-02-18,2029-02-15,2026-04-22 21:46:34.562622
105,Ana Oliveira,233.238.263-28,627537491,D,2019-04-27,2029-04-24,2026-04-22 21:46:34.562626
106,Beatriz Ferreira,948.744.892-18,182932613,D,2022-04-20,2032-04-17,2026-04-22 21:46:34.562629
107,Maria Souza,221.625.317-75,884262445,C,2017-05-09,2027-05-07,2026-04-22 21:46:34.562633
108,Carlos Oliveira,398.787.164-93,124575909,AC,2014-05-22,2024-05-19,2026-04-22 21:46:34.562637
109,Jose Gomes,201.606.954-23,337105726,AD,2020-01-15,2030-01-12,2026-04-22 21:46:34.562643
110,Paulo Silva,759.768.556-45,435399894,E,2015-06-19,2025-06-16,2026-04-22 21:46:34.562647
111,Ana Silva,551.650.244-80,240608198,AC,2016-10-13,2026-10-11,2026-04-22 21:46:34.562651
112,Jose Pereira,850.904.357-27,521796348,D,2017-11-12,2027-11-10,2026-04-22 21:46:34.562655
113,Ricardo Silva,290.930.868-37,471411968,D,2015-12-31,2025-12-28,2026-04-22 21:46:34.562658
114,Beatriz Santos,911.811.417-18,821542356,C,2020-04-18,2030-04-16,2026-04-22 21:46:34.562662
115,Joao Oliveira,949.921.258-40,759400560,C,2021-01-04,2031-01-02,2026-04-22 21:46:34.562666
116,Maria Santos,397.691.582-30,257591988,A,2015-03-02,2025-02-27,2026-04-22 21:46:34.562669
117,Ana Santos,163.141.465-11,103666636,A,2015-09-10,2025-09-07,2026-04-22 21:46:34.562673
118,Carlos Lima,631.867.484-73,590749093,AE,2019-08-01,2029-07-29,2026-04-22 21:46:34.562676
119,Fernanda Souza,526.838.490-68,630338135,D,2014-09-01,2024-08-29,2026-04-22 21:46:34.562680
120,Ana Rodrigues,598.391.652-58,250140036,E,2019-03-23,2029-03-20,2026-04-22 21:46:34.562686
121,Adriana Souza,964.473.181-33,478610753,AE,2011-10-05,2021-10-02,2026-04-22 21:46:34.562690
122,Adriana Oliveira,704.416.380-31,533801303,AE,2023-02-07,2033-02-04,2026-04-22 21:46:34.562694
123,Beatriz Lima,311.285.469-52,592683604,B,2017-03-13,2027-03-11,2026-04-22 21:46:34.562697
124,Paulo Rodrigues,273.207.732-68,346432699,C,2013-09-14,2023-09-12,2026-04-22 21:46:34.562701
125,Fernanda Gomes,148.409.423-22,212076915,C,2022-11-27,2032-11-24,2026-04-22 21:46:34.562704
126,Ricardo Gomes,649.756.309-92,863984983,AB,2022-07-28,2032-07-25,2026-04-22 21:46:34.562708
127,Paulo Oliveira,233.645.172-74,161552189,AC,2010-12-19,2020-12-16,2026-04-22 21:46:34.562712
128,Fernanda Gomes,245.947.872-10,482622918,E,2018-02-15,2028-02-13,2026-04-22 21:46:34.562715
129,Maria Rodrigues,956.203.620-29,896657222,B,2012-11-30,2022-11-28,2026-04-22 21:46:34.562719
130,Maria Rodrigues,462.543.819-77,590491985,B,2020-12-13,2030-12-11,2026-04-22 21:46:34.562727
131,Ana Gomes,737.809.553-86,888282880,AC,2017-03-14,2027-03-12,2026-04-22 21:46:34.562731
132,Beatriz Alves,511.901.782-41,871505082,AB,2017-10-27,2027-10-25,2026-04-22 21:46:34.562734
133,Fernanda Pereira,756.847.531-59,722832374,AC,2022-11-18,2032-11-15,2026-04-22 21:46:34.562738
134,Ricardo Alves,753.309.499-13,566191545,AD,2023-04-09,2033-04-06,2026-04-22 21:46:34.562741
135,Carlos Silva,389.461.412-84,835058966,D,2013-01-04,2023-01-02,2026-04-22 21:46:34.562745
136,Ricardo Ferreira,936.395.887-71,979476582,AE,2019-01-14,2029-01-11,2026-04-22 21:46:34.562749
137,Joao Silva,349.820.315-20,227877118,D,2018-07-04,2028-07-01,2026-04-22 21:46:34.562752
138,Jose Ferreira,829.165.389-53,681801475,AC,2017-10-03,2027-10-01,2026-04-22 21:46:34.562756
139,Maria Silva,101.635.639-31,562406679,AE,2021-11-17,2031-11-15,2026-04-22 21:46:34.562762
140,Beatriz Gomes,961.556.194-95,852162854,A,2012-07-26,2022-07-24,2026-04-22 21:46:34.562766
141,Maria Pereira,197.978.185-31,139764649,AE,2020-09-29,2030-09-27,2026-04-22 21:46:34.562771
142,Carlos Ferreira,805.823.704-70,972526679,AD,2015-07-23,2025-07-20,2026-04-22 21:46:34.562774
143,Maria Pereira,155.420.804-33,512933182,B,2018-05-22,2028-05-19,2026-04-22 21:46:34.562778
144,Paulo Alves,980.587.975-32,728033435,C,2010-07-11,2020-07-08,2026-04-22 21:46:34.562782
145,Beatriz Gomes,287.656.481-87,100881650,C,2012-05-15,2022-05-13,2026-04-22 21:46:34.562785
146,Joao Souza,957.375.592-56,494893775,AC,2013-01-06,2023-01-04,2026-04-22 21:46:34.562789
147,Jose Ferreira,381.364.732-56,774877022,E,2020-08-21,2030-08-19,2026-04-22 21:46:34.562793
148,Joao Souza,484.222.823-69,649126651,B,2019-01-15,2029-01-12,2026-04-22 21:46:34.562796
149,Paulo Ferreira,299.241.199-42,969899341,B,2021-11-11,2031-11-09,2026-04-22 21:46:34.562800
150,Maria Santos,717.758.272-47,899256948,D,2016-10-29,2026-10-27,2026-04-22 21:46:34.562804
151,Paulo Lima,777.464.413-75,882935744,AC,2010-05-29,2020-05-26,2026-04-22 21:46:34.562810
152,Ricardo Gomes,234.609.556-99,642029489,AE,2014-06-13,2024-06-10,2026-04-22 21:46:34.562813
153,Fernanda Lima,175.321.568-99,121731678,AE,2017-12-02,2027-11-30,2026-04-22 21:46:34.562817
154,Maria Lima,449.448.788-50,640170448,AD,2017-03-23,2027-03-21,2026-04-22 21:46:34.562821
155,Adriana Rodrigues,870.773.108-24,646883849,AD,2020-11-01,2030-10-30,2026-04-22 21:46:34.562824
156,Ana Oliveira,468.568.367-88,550565643,AD,2012-01-23,2022-01-20,2026-04-22 21:46:34.562828
157,Joao Gomes,767.123.841-79,328104755,A,2021-01-02,2030-12-31,2026-04-22 21:46:34.562832
158,Fernanda Souza,458.223.266-75,632453109,C,2013-08-07,2023-08-05,2026-04-22 21:46:34.562838
159,Ana Rodrigues,285.621.187-55,289217104,C,2018-06-22,2028-06-19,2026-04-22 21:46:34.562844
160,Ricardo Santos,169.687.949-75,396815072,AD,2018-05-21,2028-05-18,2026-04-22 21:46:34.562847
161,Joao Pereira,257.247.153-15,962991156,AD,2021-10-21,2031-10-19,2026-04-22 21:46:34.562851
162,Beatriz Pereira,402.449.304-10,751518144,E,2021-01-09,2031-01-07,2026-04-22 21:46:34.562882
163,Fernanda Souza,428.182.752-12,141265421,E,2017-03-31,2027-03-29,2026-04-22 21:46:34.562891
164,Beatriz Silva,629.554.351-78,879150741,AE,2022-06-10,2032-06-07,2026-04-22 21:46:34.562896
165,Carlos Gomes,470.290.771-61,292598631,E,2016-09-12,2026-09-10,2026-04-22 21:46:34.562901
166,Ana Lima,536.415.520-12,144233130,AD,2021-09-22,2031-09-20,2026-04-22 21:46:34.562905
167,Ricardo Souza,200.985.534-61,788987072,AD,2020-08-09,2030-08-07,2026-04-22 21:46:34.562909
168,Fernanda Lima,262.642.353-14,779216755,AB,2010-03-04,2020-03-01,2026-04-22 21:46:34.562913
169,Fernanda Souza,829.405.744-10,434204023,D,2016-12-02,2026-11-30,2026-04-22 21:46:34.562918
170,Carlos Gomes,689.678.229-69,601828108,C,2016-03-20,2026-03-18,2026-04-22 21:46:34.562922
171,Ricardo Rodrigues,997.498.966-51,566491752,AB,2023-04-21,2033-04-18,2026-04-22 21:46:34.562926
172,Beatriz Santos,873.556.860-97,779818641,AE,2018-12-07,2028-12-04,2026-04-22 21:46:34.562930
173,Ricardo Alves,890.772.141-95,286689614,AC,2023-02-17,2033-02-14,2026-04-22 21:46:34.562937
174,Fernanda Gomes,586.280.687-61,385349615,D,2013-06-23,2023-06-21,2026-04-22 21:46:34.562942
175,Beatriz Silva,375.582.736-57,440681880,AC,2010-09-19,2020-09-16,2026-04-22 21:46:34.562946
176,Ana Silva,827.750.201-87,696883742,B,2020-11-13,2030-11-11,2026-04-22 21:46:34.562950
177,Adriana Alves,729.634.590-18,400538117,D,2019-01-17,2029-01-14,2026-04-22 21:46:34.562954
178,Ricardo Oliveira,574.732.191-99,729835643,AE,2011-11-03,2021-10-31,2026-04-22 21:46:34.562964
179,Maria Pereira,188.203.474-84,678334259,A,2020-01-20,2030-01-17,2026-04-22 21:46:34.562974
180,Paulo Ferreira,948.533.822-24,854514414,E,2015-03-04,2025-03-01,2026-04-22 21:46:34.562983
181,Beatriz Gomes,325.444.670-21,619936362,C,2010-01-12,2020-01-10,2026-04-22 21:46:34.562991
182,Maria Santos,897.476.328-13,400406103,E,2015-01-24,2025-01-21,2026-04-22 21:46:34.562998
183,Jose Rodrigues,328.821.307-40,868712100,AB,2013-04-13,2023-04-11,2026-04-22 21:46:34.563002
184,Fernanda Rodrigues,755.371.670-78,931897348,AB,2011-03-31,2021-03-28,2026-04-22 21:46:34.563007
185,Joao Santos,199.214.793-45,122775614,AB,2013-05-16,2023-05-14,2026-04-22 21:46:34.563011
186,Beatriz Oliveira,486.533.557-12,576578609,B,2022-01-20,2032-01-18,2026-04-22 21:46:34.563015
187,Maria Silva,830.740.936-67,125394620,E,2013-10-19,2023-10-17,2026-04-22 21:46:34.563052
188,Carlos Santos,997.261.530-45,813665790,AC,2015-01-10,2025-01-07,2026-04-22 21:46:34.563059
189,Maria Silva,289.245.888-18,787721524,A,2019-09-10,2029-09-07,2026-04-22 21:46:34.563063
190,Ricardo Oliveira,875.224.506-14,170803570,AD,2021-02-28,2031-02-26,2026-04-22 21:46:34.563068
191,Ricardo Pereira,122.403.329-53,923222769,E,2010-10-28,2020-10-25,2026-04-22 21:46:34.563072
192,Paulo Silva,336.819.287-54,745790579,C,2017-06-04,2027-06-02,2026-04-22 21:46:34.563076
193,Beatriz Oliveira,234.478.995-44,364472336,D,2014-10-16,2024-10-13,2026-04-22 21:46:34.563080
194,Paulo Rodrigues,524.523.408-75,688936389,AE,2021-02-26,2031-02-24,2026-04-22 21:46:34.563088
195,Fernanda Alves,634.157.965-69,395839839,AB,2010-01-01,2019-12-30,2026-04-22 21:46:34.563092
196,Ricardo Lima,724.601.473-33,364454717,AE,2020-03-24,2030-03-22,2026-04-22 21:46:34.563097
197,Fernanda Rodrigues,876.762.348-78,857091732,D,2019-08-17,2029-08-14,2026-04-22 21:46:34.563101
198,Joao Pereira,304.918.957-13,754185173,D,2016-08-19,2026-08-17,2026-04-22 21:46:34.563107
199,Joao Alves,473.209.133-13,839104972,AE,2010-02-09,2020-02-07,2026-04-22 21:46:34.563111
200,Maria Pereira,569.547.407-93,698498304,AC,2022-10-14,2032-10-11,2026-04-22 21:46:34.563115
201,Ana Alves,162.671.735-79,893919707,AC,2013-08-18,2023-08-16,2026-04-22 21:46:34.563119
202,Carlos Alves,329.986.549-70,823632001,B,2010-03-04,2020-03-01,2026-04-22 21:46:34.563123
203,Fernanda Pereira,692.935.745-96,277694580,AB,2013-12-17,2023-12-15,2026-04-22 21:46:34.563127
204,Jose Pereira,764.526.263-63,174844711,E,2011-10-02,2021-09-29,2026-04-22 21:46:34.563131
205,Adriana Santos,952.103.992-69,156787467,E,2013-11-07,2023-11-05,2026-04-22 21:46:34.563135
206,Maria Pereira,379.789.249-74,239793419,A,2012-06-18,2022-06-16,2026-04-22 21:46:34.563138
207,Carlos Pereira,422.435.897-78,965575493,AC,2011-10-14,2021-10-11,2026-04-22 21:46:34.563142
208,Fernanda Ferreira,997.467.712-38,683340467,AC,2017-08-23,2027-08-21,2026-04-22 21:46:34.563146
209,Maria Silva,509.772.195-87,810133780,AB,2010-08-11,2020-08-08,2026-04-22 21:46:34.563149
210,Maria Lima,230.577.239-96,887967537,AB,2023-03-02,2033-02-27,2026-04-22 21:46:34.563153
211,Paulo Gomes,858.714.319-43,606534985,AC,2019-12-12,2029-12-09,2026-04-22 21:46:34.563157
212,Jose Souza,669.792.275-61,635343177,E,2016-06-04,2026-06-02,2026-04-22 21:46:34.563161
213,Fernanda Santos,720.494.670-12,225076374,B,2011-05-20,2021-05-17,2026-04-22 21:46:34.563164
214,Paulo Santos,109.317.838-43,710524340,D,2019-09-11,2029-09-08,2026-04-22 21:46:34.563168
215,Fernanda Souza,758.917.412-69,428108861,D,2016-01-08,2026-01-05,2026-04-22 21:46:34.563176
216,Adriana Silva,899.493.631-32,439545497,A,2018-08-14,2028-08-11,2026-04-22 21:46:34.563180
217,Maria Lima,272.502.785-38,880394002,AB,2016-10-29,2026-10-27,2026-04-22 21:46:34.563186
218,Carlos Santos,945.234.433-24,833784595,AB,2013-04-12,2023-04-10,2026-04-22 21:46:34.563190
219,Carlos Santos,435.424.296-64,402570069,AB,2020-01-03,2029-12-31,2026-04-22 21:46:34.563193
220,Carlos Rodrigues,889.204.703-16,971293329,AE,2011-09-13,2021-09-10,2026-04-22 21:46:34.563197
221,Adriana Silva,818.938.777-48,439115339,B,2016-05-28,2026-05-26,2026-04-22 21:46:34.563201
222,Carlos Lima,264.642.549-40,861149537,C,2018-12-19,2028-12-16,2026-04-22 21:46:34.563204
223,Paulo Gomes,619.378.680-89,585890323,AB,2014-10-17,2024-10-14,2026-04-22 21:46:34.563208
224,Jose Alves,570.617.311-32,746939611,AC,2021-09-22,2031-09-20,2026-04-22 21:46:34.563212
225,Ricardo Santos,157.997.338-70,968433494,AD,2011-04-23,2021-04-20,2026-04-22 21:46:34.563215
226,Beatriz Oliveira,631.532.645-60,456031251,C,2019-02-21,2029-02-18,2026-04-22 21:46:34.563219
227,Fernanda Lima,942.806.575-83,894797376,AB,2020-05-30,2030-05-28,2026-04-22 21:46:34.563223
228,Jose Ferreira,514.843.372-71,585705273,AC,2011-02-02,2021-01-30,2026-04-22 21:46:34.563227
229,Adriana Silva,897.347.513-42,262794330,C,2019-08-31,2029-08-28,2026-04-22 21:46:34.563230
230,Fernanda Santos,554.274.328-21,713072586,A,2017-03-16,2027-03-14,2026-04-22 21:46:34.563234
231,Ricardo Pereira,948.265.789-62,123595990,AB,2021-04-08,2031-04-06,2026-04-22 21:46:34.563238
232,Paulo Pereira,381.285.404-95,323249117,AC,2010-03-06,2020-03-03,2026-04-22 21:46:34.563241
233,Maria Ferreira,585.752.160-81,295412662,C,2022-03-21,2032-03-18,2026-04-22 21:46:34.563245
234,Maria Lima,980.352.173-18,325287157,A,2021-04-24,2031-04-22,2026-04-22 21:46:34.563249
235,Jose Rodrigues,371.447.465-66,689485802,B,2022-04-15,2032-04-12,2026-04-22 21:46:34.563252
236,Paulo Ferreira,477.177.799-65,127139459,AC,2011-05-02,2021-04-29,2026-04-22 21:46:34.563258
237,Carlos Souza,408.573.563-53,705110987,C,2015-10-11,2025-10-08,2026-04-22 21:46:34.563264
238,Paulo Lima,340.169.642-87,391408077,AB,2020-05-31,2030-05-29,2026-04-22 21:46:34.563268
239,Ana Pereira,640.752.413-56,736085872,A,2021-06-21,2031-06-19,2026-04-22 21:46:34.563271
240,Fernanda Pereira,975.766.497-13,607321450,E,2020-08-06,2030-08-04,2026-04-22 21:46:34.563275
241,Joao Santos,352.769.820-96,855635135,E,2011-12-20,2021-12-17,2026-04-22 21:46:34.563279
242,Fernanda Lima,715.202.742-17,353657667,E,2010-12-18,2020-12-15,2026-04-22 21:46:34.563283
243,Beatriz Gomes,865.155.144-24,196784742,E,2017-09-23,2027-09-21,2026-04-22 21:46:34.563289
244,Ricardo Rodrigues,576.336.527-85,449500095,E,2011-07-20,2021-07-17,2026-04-22 21:46:34.563293
245,Maria Pereira,388.818.430-12,456059790,AD,2010-02-22,2020-02-20,2026-04-22 21:46:34.563297
246,Paulo Silva,184.562.161-14,474668670,AD,2019-01-25,2029-01-22,2026-04-22 21:46:34.563300
247,Beatriz Alves,134.839.726-29,152293204,AB,2017-09-12,2027-09-10,2026-04-22 21:46:34.563304
248,Carlos Rodrigues,194.658.990-75,134447718,D,2013-12-17,2023-12-15,2026-04-22 21:46:34.563308
249,Jose Silva,181.906.207-79,367853809,C,2020-05-01,2030-04-29,2026-04-22 21:46:34.563312
250,Paulo Lima,166.735.261-10,216131355,B,2022-10-24,2032-10-21,2026-04-22 21:46:34.563315
251,Beatriz Lima,874.479.721-98,766522507,E,2022-06-23,2032-06-20,2026-04-22 21:46:34.563319
252,Beatriz Gomes,911.268.325-11,169369910,AD,2012-10-23,2022-10-21,2026-04-22 21:46:34.563323
253,Ana Ferreira,443.201.466-57,398032981,AE,2018-07-19,2028-07-16,2026-04-22 21:46:34.563327
254,Paulo Silva,412.284.686-59,883130889,E,2019-07-27,2029-07-24,2026-04-22 21:46:34.563330
255,Fernanda Santos,193.413.183-98,588913215,AD,2017-11-20,2027-11-18,2026-04-22 21:46:34.563334
256,Maria Rodrigues,915.779.853-40,860810477,AC,2013-11-15,2023-11-13,2026-04-22 21:46:34.563340
257,Carlos Silva,540.494.187-69,289503892,B,2018-04-04,2028-04-01,2026-04-22 21:46:34.563344
258,Beatriz Gomes,330.901.457-31,393691984,A,2020-12-22,2030-12-20,2026-04-22 21:46:34.563351
259,Paulo Ferreira,931.826.623-55,678643517,AB,2019-03-13,2029-03-10,2026-04-22 21:46:34.563355
260,Beatriz Gomes,151.140.253-54,773442931,B,2021-02-20,2031-02-18,2026-04-22 21:46:34.563359
261,Maria Pereira,379.236.293-36,259173400,AE,2019-10-07,2029-10-04,2026-04-22 21:46:34.563363
262,Ricardo Rodrigues,266.227.184-79,879745467,C,2021-07-25,2031-07-23,2026-04-22 21:46:34.563366
263,Fernanda Santos,448.716.248-26,135383432,A,2020-09-15,2030-09-13,2026-04-22 21:46:34.563370
264,Ana Gomes,270.252.682-91,769753225,AC,2019-08-04,2029-08-01,2026-04-22 21:46:34.563374
265,Ricardo Lima,196.878.435-11,461965271,E,2022-05-10,2032-05-07,2026-04-22 21:46:34.563377
266,Paulo Ferreira,274.185.391-94,808274254,E,2015-09-04,2025-09-01,2026-04-22 21:46:34.563381
267,Adriana Souza,400.408.117-27,890637542,E,2013-10-20,2023-10-18,2026-04-22 21:46:34.563384
268,Jose Oliveira,104.766.944-94,376277866,AC,2013-10-20,2023-10-18,2026-04-22 21:46:34.563388
269,Adriana Oliveira,821.778.619-62,237216316,C,2015-01-23,2025-01-20,2026-04-22 21:46:34.563392
270,Maria Gomes,758.538.662-15,795106939,A,2015-03-08,2025-03-05,2026-04-22 21:46:34.563396
271,Jose Pereira,784.625.295-77,683893593,AB,2023-07-24,2033-07-21,2026-04-22 21:46:34.563399
272,Ana Santos,910.224.692-53,779230765,E,2018-02-02,2028-01-31,2026-04-22 21:46:34.563408
273,Paulo Oliveira,518.860.520-81,954088819,AB,2023-02-01,2033-01-29,2026-04-22 21:46:34.563412
274,Paulo Lima,363.518.451-14,868289652,E,2013-09-03,2023-09-01,2026-04-22 21:46:34.563415
275,Paulo Santos,947.468.949-45,824592765,AC,2021-12-12,2031-12-10,2026-04-22 21:46:34.563419
276,Joao Lima,327.513.237-67,454146102,D,2013-01-12,2023-01-10,2026-04-22 21:46:34.563425
277,Ricardo Souza,208.706.758-80,832580109,AC,2011-01-08,2021-01-05,2026-04-22 21:46:34.563428
278,Fernanda Alves,348.676.467-66,473397416,D,2015-11-25,2025-11-22,2026-04-22 21:46:34.563432
279,Fernanda Silva,815.555.904-55,665622427,AB,2019-05-11,2029-05-08,2026-04-22 21:46:34.563438
280,Jose Silva,576.295.524-42,518161265,AC,2010-07-07,2020-07-04,2026-04-22 21:46:34.563441
281,Jose Ferreira,690.125.161-67,895705465,E,2020-12-28,2030-12-26,2026-04-22 21:46:34.563445
282,Joao Alves,365.755.213-17,212781651,AB,2013-03-24,2023-03-22,2026-04-22 21:46:34.563449
283,Ricardo Oliveira,158.854.525-14,489344813,AE,2016-01-02,2025-12-30,2026-04-22 21:46:34.563453
284,Ana Santos,252.363.535-35,689657241,AE,2016-01-29,2026-01-26,2026-04-22 21:46:34.563456
285,Ana Silva,544.794.757-53,662576157,E,2010-10-28,2020-10-25,2026-04-22 21:46:34.563460
286,Ricardo Alves,737.535.359-47,749253330,AD,2010-08-25,2020-08-22,2026-04-22 21:46:34.563464
287,Paulo Alves,128.189.522-62,580497150,AB,2016-03-12,2026-03-10,2026-04-22 21:46:34.563468
288,Jose Lima,756.645.467-58,523905639,AD,2022-12-26,2032-12-23,2026-04-22 21:46:34.563471
289,Adriana Lima,466.701.502-25,875968258,AB,2013-04-23,2023-04-21,2026-04-22 21:46:34.563475
290,Maria Souza,656.500.492-36,409947925,E,2015-08-05,2025-08-02,2026-04-22 21:46:34.563479
291,Ana Oliveira,197.351.290-57,126140329,A,2023-05-24,2033-05-21,2026-04-22 21:46:34.563482
292,Joao Lima,956.412.504-53,389709737,D,2019-06-19,2029-06-16,2026-04-22 21:46:34.563486
293,Paulo Lima,586.269.898-11,672221620,B,2019-04-11,2029-04-08,2026-04-22 21:46:34.563489
294,Paulo Ferreira,191.159.849-87,359513872,B,2011-04-05,2021-04-02,2026-04-22 21:46:34.563493
295,Paulo Ferreira,294.156.194-27,807375597,E,2010-05-07,2020-05-04,2026-04-22 21:46:34.563500
296,Adriana Lima,486.332.404-31,572267246,AB,2016-11-15,2026-11-13,2026-04-22 21:46:34.563504
297,Ana Souza,578.715.249-64,737041167,C,2011-12-28,2021-12-25,2026-04-22 21:46:34.563508
298,Fernanda Rodrigues,974.160.704-68,626427777,AE,2020-10-18,2030-10-16,2026-04-22 21:46:34.563512
299,Maria Silva,323.973.841-50,970486807,AE,2023-06-16,2033-06-13,2026-04-22 21:46:34.563515
300,Carlos Silva,104.106.748-51,306406728,D,2020-03-30,2030-03-28,2026-04-22 21:46:34.563523
301,Maria Ferreira,934.166.538-72,388574019,AB,2022-03-20,2032-03-17,2026-04-22 21:46:34.563527
302,Ana Souza,228.873.279-21,510945649,A,2010-05-15,2020-05-12,2026-04-22 21:46:34.563531
303,Fernanda Pereira,961.409.551-37,546636032,AC,2022-08-08,2032-08-05,2026-04-22 21:46:34.563534
304,Carlos Santos,157.249.411-35,477199431,C,2017-11-16,2027-11-14,2026-04-22 21:46:34.563538
305,Adriana Souza,511.227.810-56,356959698,D,2017-01-21,2027-01-19,2026-04-22 21:46:34.563542
306,Beatriz Gomes,517.940.481-82,989091450,E,2018-03-11,2028-03-08,2026-04-22 21:46:34.563545
307,Carlos Santos,953.117.481-78,982115620,D,2014-06-09,2024-06-06,2026-04-22 21:46:34.563549
308,Fernanda Ferreira,980.866.916-37,786899434,AB,2013-06-26,2023-06-24,2026-04-22 21:46:34.563553
309,Maria Ferreira,646.745.667-11,408473139,B,2010-10-22,2020-10-19,2026-04-22 21:46:34.563556
310,Adriana Pereira,534.437.223-98,826564839,AB,2012-04-07,2022-04-05,2026-04-22 21:46:34.563560
311,Maria Rodrigues,534.938.188-45,896631186,A,2015-12-31,2025-12-28,2026-04-22 21:46:34.563564
312,Carlos Lima,565.307.129-36,704022192,AD,2021-07-02,2031-06-30,2026-04-22 21:46:34.563567
313,Joao Ferreira,268.546.125-22,617867348,AC,2018-07-10,2028-07-07,2026-04-22 21:46:34.563571
314,Paulo Lima,878.350.863-98,606355027,A,2010-02-13,2020-02-11,2026-04-22 21:46:34.563574
315,Ana Gomes,987.891.734-56,838158535,C,2020-09-25,2030-09-23,2026-04-22 21:46:34.563580
316,Ana Ferreira,633.695.965-75,294783975,D,2013-01-22,2023-01-20,2026-04-22 21:46:34.563584
317,Joao Alves,807.517.621-32,615300475,C,2018-06-15,2028-06-12,2026-04-22 21:46:34.563588
318,Paulo Gomes,785.648.426-38,876716198,D,2015-02-03,2025-01-31,2026-04-22 21:46:34.563591
319,Fernanda Silva,347.928.304-40,343435003,AE,2010-01-01,2019-12-30,2026-04-22 21:46:34.563595
320,Ricardo Souza,319.109.294-54,786521929,AE,2015-03-29,2025-03-26,2026-04-22 21:46:34.563599
321,Carlos Silva,478.373.277-39,979703784,A,2023-01-17,2033-01-14,2026-04-22 21:46:34.563605
322,Ana Lima,944.619.437-59,856971649,B,2015-04-20,2025-04-17,2026-04-22 21:46:34.563609
323,Joao Rodrigues,442.896.737-16,725217924,B,2013-10-08,2023-10-06,2026-04-22 21:46:34.563612
324,Jose Gomes,316.386.495-43,617535902,AD,2018-08-11,2028-08-08,2026-04-22 21:46:34.563616
325,Carlos Alves,878.943.591-93,580346020,AC,2021-01-12,2031-01-10,2026-04-22 21:46:34.563620
326,Adriana Silva,912.266.106-68,584524726,B,2023-04-02,2033-03-30,2026-04-22 21:46:34.563623
327,Maria Pereira,204.137.584-97,558589044,AB,2021-07-08,2031-07-06,2026-04-22 21:46:34.563627
328,Carlos Oliveira,356.372.743-66,693087552,D,2017-05-13,2027-05-11,2026-04-22 21:46:34.563633
329,Ricardo Gomes,719.456.144-21,366643990,D,2011-07-16,2021-07-13,2026-04-22 21:46:34.563636
330,Beatriz Lima,187.388.128-27,219750704,AC,2014-06-01,2024-05-29,2026-04-22 21:46:34.563640
331,Ana Lima,658.322.315-61,191948973,E,2023-07-14,2033-07-11,2026-04-22 21:46:34.563643
332,Carlos Alves,103.687.678-86,282311080,D,2016-07-05,2026-07-03,2026-04-22 21:46:34.563647
333,Adriana Santos,446.217.847-40,298318437,AB,2014-09-03,2024-08-31,2026-04-22 21:46:34.563650
334,Maria Alves,338.108.495-22,891716398,AD,2022-05-30,2032-05-27,2026-04-22 21:46:34.563656
335,Paulo Ferreira,281.149.820-65,249413186,A,2017-06-14,2027-06-12,2026-04-22 21:46:34.563660
336,Maria Ferreira,245.352.633-35,976977881,D,2016-07-01,2026-06-29,2026-04-22 21:46:34.563666
337,Fernanda Silva,286.622.763-97,523138960,AB,2018-05-15,2028-05-12,2026-04-22 21:46:34.563670
338,Joao Rodrigues,935.289.192-59,108258275,AB,2010-12-13,2020-12-10,2026-04-22 21:46:34.563673
339,Ana Gomes,500.104.805-21,612497130,AD,2021-10-21,2031-10-19,2026-04-22 21:46:34.563677
340,Joao Lima,921.875.751-54,709231387,C,2013-05-04,2023-05-02,2026-04-22 21:46:34.563681
341,Fernanda Lima,239.816.654-53,112659410,AD,2015-11-17,2025-11-14,2026-04-22 21:46:34.563684
342,Maria Souza,291.591.855-58,939383376,D,2014-07-20,2024-07-17,2026-04-22 21:46:34.563688
343,Paulo Alves,211.520.337-45,229817802,E,2020-11-09,2030-11-07,2026-04-22 21:46:34.563694
344,Maria Pereira,120.682.481-84,914044055,AB,2014-09-01,2024-08-29,2026-04-22 21:46:34.563697
345,Ana Silva,306.362.729-24,655691209,C,2020-07-01,2030-06-29,2026-04-22 21:46:34.563701
346,Adriana Rodrigues,235.720.986-28,120729538,A,2020-09-13,2030-09-11,2026-04-22 21:46:34.563705
347,Ana Souza,546.632.585-85,484520924,AE,2023-05-18,2033-05-15,2026-04-22 21:46:34.563709
348,Maria Silva,398.516.912-24,151579915,D,2019-12-21,2029-12-18,2026-04-22 21:46:34.563712
349,Joao Pereira,330.465.388-91,118372535,AD,2020-05-15,2030-05-13,2026-04-22 21:46:34.563716
350,Jose Lima,185.928.266-16,510062642,A,2013-01-06,2023-01-04,2026-04-22 21:46:34.563719
351,Carlos Alves,679.924.971-83,894541998,C,2014-10-29,2024-10-26,2026-04-22 21:46:34.563723
352,Jose Souza,711.572.230-60,906472865,B,2010-11-06,2020-11-03,2026-04-22 21:46:34.563726
353,Beatriz Pereira,919.240.641-51,360627882,AE,2011-04-19,2021-04-16,2026-04-22 21:46:34.563730
354,Carlos Souza,838.260.645-96,112012817,AB,2013-04-02,2023-03-31,2026-04-22 21:46:34.563736
355,Carlos Souza,506.261.868-41,914260192,AB,2021-04-23,2031-04-21,2026-04-22 21:46:34.563740
356,Paulo Santos,280.605.959-10,798350467,B,2017-01-20,2027-01-18,2026-04-22 21:46:34.563743
357,Paulo Ferreira,407.347.849-74,673239595,AC,2016-09-24,2026-09-22,2026-04-22 21:46:34.563749
358,Carlos Ferreira,582.805.712-65,393036936,AC,2013-12-21,2023-12-19,2026-04-22 21:46:34.563753
359,Maria Alves,598.786.925-56,977196776,C,2015-12-09,2025-12-06,2026-04-22 21:46:34.563756
360,Fernanda Pereira,898.854.585-57,667008946,AD,2022-02-23,2032-02-21,2026-04-22 21:46:34.563760
361,Beatriz Pereira,910.498.219-82,900711781,B,2012-09-16,2022-09-14,2026-04-22 21:46:34.563764
362,Paulo Santos,345.250.774-62,586522515,B,2012-05-30,2022-05-28,2026-04-22 21:46:34.563767
363,Jose Gomes,655.641.192-32,153856951,AE,2016-12-12,2026-12-10,2026-04-22 21:46:34.563771
364,Joao Rodrigues,979.371.130-52,320108963,AB,2012-03-12,2022-03-10,2026-04-22 21:46:34.563805
365,Beatriz Santos,787.213.495-57,130363610,B,2021-08-27,2031-08-25,2026-04-22 21:46:34.563811
366,Joao Souza,472.773.510-91,284843030,B,2020-02-28,2030-02-25,2026-04-22 21:46:34.563816
367,Maria Lima,647.305.673-30,884403435,B,2015-11-22,2025-11-19,2026-04-22 21:46:34.563820
368,Paulo Oliveira,761.323.776-94,892912049,B,2019-12-03,2029-11-30,2026-04-22 21:46:34.563824
369,Fernanda Alves,645.982.492-73,380062003,A,2012-04-14,2022-04-12,2026-04-22 21:46:34.563828
370,Carlos Rodrigues,197.235.572-26,875136238,A,2013-08-03,2023-08-01,2026-04-22 21:46:34.563832
371,Beatriz Rodrigues,996.588.837-32,480415409,E,2020-01-23,2030-01-20,2026-04-22 21:46:34.563836
372,Jose Silva,375.920.903-91,705206171,B,2022-05-02,2032-04-29,2026-04-22 21:46:34.563839
373,Ricardo Alves,983.439.651-64,252707184,D,2022-07-09,2032-07-06,2026-04-22 21:46:34.563846
374,Joao Silva,562.584.534-29,235520484,D,2023-05-15,2033-05-12,2026-04-22 21:46:34.563851
375,Maria Souza,794.506.600-71,955490553,A,2017-01-16,2027-01-14,2026-04-22 21:46:34.563855
376,Adriana Silva,316.702.270-89,826732156,A,2020-03-27,2030-03-25,2026-04-22 21:46:34.563859
377,Beatriz Rodrigues,341.863.114-60,402174155,AC,2021-10-10,2031-10-08,2026-04-22 21:46:34.563863
378,Maria Ferreira,900.840.725-42,721680028,A,2020-06-16,2030-06-14,2026-04-22 21:46:34.563867
379,Fernanda Rodrigues,872.670.729-86,163019717,E,2010-09-25,2020-09-22,2026-04-22 21:46:34.563871
380,Adriana Alves,760.358.301-34,914791013,AB,2023-03-13,2033-03-10,2026-04-22 21:46:34.563874
381,Jose Gomes,982.966.554-52,149558650,C,2020-03-03,2030-03-01,2026-04-22 21:46:34.563878
382,Joao Alves,354.384.549-75,168521951,AB,2010-02-17,2020-02-15,2026-04-22 21:46:34.563882
383,Fernanda Lima,857.948.128-82,697421391,AC,2015-04-10,2025-04-07,2026-04-22 21:46:34.563886
384,Fernanda Gomes,843.108.687-34,170663730,A,2012-08-09,2022-08-07,2026-04-22 21:46:34.563889
385,Joao Lima,869.676.521-19,736872275,AB,2019-09-05,2029-09-02,2026-04-22 21:46:34.563925
386,Joao Silva,332.376.757-51,702856217,C,2017-01-14,2027-01-12,2026-04-22 21:46:34.563931
387,Jose Gomes,759.924.436-56,745886535,AC,2020-08-12,2030-08-10,2026-04-22 21:46:34.563935
388,Joao Oliveira,188.143.647-96,117205664,A,2019-12-21,2029-12-18,2026-04-22 21:46:34.563939
389,Paulo Souza,480.989.112-88,771117374,C,2011-03-03,2021-02-28,2026-04-22 21:46:34.563943
390,Joao Oliveira,324.535.374-32,822842252,AE,2022-05-19,2032-05-16,2026-04-22 21:46:34.563947
391,Maria Santos,231.875.157-75,628587928,AE,2022-06-30,2032-06-27,2026-04-22 21:46:34.563951
392,Ricardo Oliveira,455.220.845-16,310285263,AD,2010-11-15,2020-11-12,2026-04-22 21:46:34.563955
393,Maria Lima,759.160.935-15,130002131,AE,2014-09-08,2024-09-05,2026-04-22 21:46:34.563965
394,Paulo Rodrigues,523.457.532-83,846007827,AD,2014-04-10,2024-04-07,2026-04-22 21:46:34.563993
395,Fernanda Ferreira,334.424.218-49,857920340,A,2020-08-09,2030-08-07,2026-04-22 21:46:34.564002
396,Ana Lima,557.534.503-41,212093062,A,2021-09-05,2031-09-03,2026-04-22 21:46:34.564007
397,Jose Pereira,184.735.225-46,489482203,C,2012-11-24,2022-11-22,2026-04-22 21:46:34.564012
398,Carlos Lima,864.598.435-28,682503709,AC,2019-02-09,2029-02-06,2026-04-22 21:46:34.564016
399,Jose Pereira,902.671.359-16,436358689,C,2021-05-13,2031-05-11,2026-04-22 21:46:34.564020
400,Carlos Silva,132.267.537-66,304443554,B,2015-09-02,2025-08-30,2026-04-22 21:46:34.564029
401,Carlos Ferreira,622.997.505-65,995920337,AB,2012-08-24,2022-08-22,2026-04-22 21:46:34.564033
402,Joao Lima,335.934.997-47,261418266,D,2022-10-14,2032-10-11,2026-04-22 21:46:34.564037
403,Beatriz Gomes,938.619.689-92,469079353,A,2019-11-28,2029-11-25,2026-04-22 21:46:34.564041
404,Jose Gomes,933.311.779-81,665682395,AB,2017-09-22,2027-09-20,2026-04-22 21:46:34.564044
405,Fernanda Pereira,507.956.366-25,773901777,AD,2018-08-26,2028-08-23,2026-04-22 21:46:34.564048
406,Joao Silva,741.604.117-71,656682467,AB,2019-07-18,2029-07-15,2026-04-22 21:46:34.564054
407,Maria Silva,877.675.670-61,115865150,D,2014-08-30,2024-08-27,2026-04-22 21:46:34.564058
408,Jose Rodrigues,678.910.101-95,148301094,AC,2020-04-01,2030-03-30,2026-04-22 21:46:34.564062
409,Fernanda Lima,381.907.888-34,666574138,E,2016-08-16,2026-08-14,2026-04-22 21:46:34.564066
410,Fernanda Ferreira,817.963.703-93,998372792,AB,2019-03-30,2029-03-27,2026-04-22 21:46:34.564070
411,Joao Pereira,760.811.323-87,265125446,B,2015-06-22,2025-06-19,2026-04-22 21:46:34.564074
412,Joao Pereira,391.853.931-69,289238226,AE,2011-10-15,2021-10-12,2026-04-22 21:46:34.564079
413,Carlos Alves,119.616.281-59,558971550,E,2019-01-18,2029-01-15,2026-04-22 21:46:34.564083
414,Beatriz Ferreira,699.512.789-44,922266088,AD,2022-02-03,2032-02-01,2026-04-22 21:46:34.564090
415,Joao Gomes,582.556.952-32,289130000,AB,2016-02-20,2026-02-17,2026-04-22 21:46:34.564095
416,Ricardo Santos,839.778.752-77,978687903,B,2022-09-29,2032-09-26,2026-04-22 21:46:34.564098
417,Maria Ferreira,715.946.874-86,142163710,AB,2018-05-29,2028-05-26,2026-04-22 21:46:34.564102
418,Paulo Rodrigues,992.849.281-37,492377731,AB,2012-09-04,2022-09-02,2026-04-22 21:46:34.564106
419,Joao Pereira,504.683.965-55,719544190,D,2020-08-07,2030-08-05,2026-04-22 21:46:34.564110
420,Ana Silva,412.110.411-91,282782630,AB,2013-06-28,2023-06-26,2026-04-22 21:46:34.564114
421,Beatriz Pereira,563.840.270-34,133558681,AE,2019-01-12,2029-01-09,2026-04-22 21:46:34.564117
422,Beatriz Souza,171.827.337-78,660375719,C,2021-02-16,2031-02-14,2026-04-22 21:46:34.564121
423,Fernanda Santos,209.204.707-18,976800969,C,2010-05-30,2020-05-27,2026-04-22 21:46:34.564125
424,Beatriz Alves,883.534.193-66,175186361,B,2015-02-27,2025-02-24,2026-04-22 21:46:34.564128
425,Jose Lima,566.305.703-66,710384630,B,2014-05-22,2024-05-19,2026-04-22 21:46:34.564132
426,Adriana Rodrigues,822.933.105-58,487296915,E,2015-03-12,2025-03-09,2026-04-22 21:46:34.564136
427,Ricardo Rodrigues,530.659.707-44,993355127,B,2014-05-14,2024-05-11,2026-04-22 21:46:34.564139
428,Joao Souza,199.402.321-92,540785703,AC,2013-11-04,2023-11-02,2026-04-22 21:46:34.564145
429,Carlos Rodrigues,600.405.393-60,718546991,AE,2023-04-07,2033-04-04,2026-04-22 21:46:34.564149
430,Joao Oliveira,115.738.101-77,591400219,AD,2023-04-13,2033-04-10,2026-04-22 21:46:34.564152
431,Carlos Pereira,606.689.272-35,403125279,A,2014-07-05,2024-07-02,2026-04-22 21:46:34.564156
432,Adriana Oliveira,673.759.159-69,285389717,AC,2020-12-14,2030-12-12,2026-04-22 21:46:34.564162
433,Paulo Alves,886.506.897-49,872463026,C,2022-11-12,2032-11-09,2026-04-22 21:46:34.564165
434,Ricardo Pereira,962.738.679-15,470640172,AB,2022-12-16,2032-12-13,2026-04-22 21:46:34.564169
435,Fernanda Lima,908.802.736-61,954664027,AC,2021-10-24,2031-10-22,2026-04-22 21:46:34.564172
436,Ricardo Santos,964.378.418-83,373869986,AE,2016-09-29,2026-09-27,2026-04-22 21:46:34.564176
437,Jose Souza,296.868.808-25,483073879,E,2017-08-21,2027-08-19,2026-04-22 21:46:34.564180
438,Jose Lima,339.667.446-65,902205698,B,2022-06-19,2032-06-16,2026-04-22 21:46:34.564183
439,Beatriz Pereira,836.166.906-89,350045820,AE,2016-08-21,2026-08-19,2026-04-22 21:46:34.564187
440,Fernanda Oliveira,508.551.124-31,337031230,AD,2010-02-16,2020-02-14,2026-04-22 21:46:34.564191
441,Maria Gomes,456.127.346-87,358706783,B,2012-05-16,2022-05-14,2026-04-22 21:46:34.564195
442,Paulo Gomes,178.493.472-85,987830438,C,2010-04-27,2020-04-24,2026-04-22 21:46:34.564201
443,Joao Rodrigues,546.734.902-63,466283538,B,2011-05-21,2021-05-18,2026-04-22 21:46:34.564204
444,Carlos Silva,665.517.654-43,463133419,AE,2016-06-20,2026-06-18,2026-04-22 21:46:34.564208
445,Ana Pereira,756.225.879-77,317797810,AC,2022-02-26,2032-02-24,2026-04-22 21:46:34.564212
446,Paulo Pereira,774.373.918-84,923234779,B,2010-12-05,2020-12-02,2026-04-22 21:46:34.564215
447,Fernanda Santos,880.182.350-60,218429041,D,2023-06-13,2033-06-10,2026-04-22 21:46:34.564219
448,Fernanda Lima,356.269.621-63,268507432,D,2019-12-21,2029-12-18,2026-04-22 21:46:34.564223
449,Maria Santos,320.860.708-51,381275093,AB,2020-10-31,2030-10-29,2026-04-22 21:46:34.564228
450,Beatriz Souza,449.191.530-79,253141583,B,2017-07-27,2027-07-25,2026-04-22 21:46:34.564232
451,Ricardo Gomes,666.112.695-78,765476059,D,2016-07-24,2026-07-22,2026-04-22 21:46:34.564317
452,Maria Alves,244.267.513-49,820956590,B,2016-09-19,2026-09-17,2026-04-22 21:46:34.564320
453,Joao Santos,149.413.971-58,223444909,C,2018-05-20,2028-05-17,2026-04-22 21:46:34.564324
454,Joao Santos,494.112.795-67,656870204,B,2017-07-31,2027-07-29,2026-04-22 21:46:34.564328
455,Paulo Ferreira,677.897.147-70,513340377,B,2013-01-18,2023-01-16,2026-04-22 21:46:34.564331
456,Maria Alves,952.314.759-91,286928128,AB,2023-07-23,2033-07-20,2026-04-22 21:46:34.564335
457,Paulo Lima,682.329.306-64,945488034,AC,2014-06-11,2024-06-08,2026-04-22 21:46:34.564339
458,Ricardo Rodrigues,639.365.704-87,689786371,E,2020-10-09,2030-10-07,2026-04-22 21:46:34.564343
459,Paulo Santos,221.839.595-11,174578567,C,2010-07-28,2020-07-25,2026-04-22 21:46:34.564346
460,Carlos Rodrigues,249.253.985-87,382339164,B,2018-03-07,2028-03-04,2026-04-22 21:46:34.564350
461,Beatriz Lima,188.885.666-34,959282283,A,2011-05-21,2021-05-18,2026-04-22 21:46:34.564353
462,Ricardo Ferreira,896.956.995-87,272202336,AB,2017-11-19,2027-11-17,2026-04-22 21:46:34.564357
463,Maria Rodrigues,448.212.399-92,444820398,AD,2014-03-28,2024-03-25,2026-04-22 21:46:34.564361
464,Paulo Oliveira,451.234.132-34,828063353,C,2020-01-15,2030-01-12,2026-04-22 21:46:34.564367
465,Maria Souza,734.809.365-15,621535631,AB,2021-08-22,2031-08-20,2026-04-22 21:46:34.564371
466,Ana Souza,817.194.494-18,340406105,AE,2017-07-31,2027-07-29,2026-04-22 21:46:34.564375
467,Adriana Ferreira,202.802.918-85,455311911,C,2014-11-26,2024-11-23,2026-04-22 21:46:34.564379
468,Ricardo Pereira,353.936.989-16,860054373,A,2020-07-27,2030-07-25,2026-04-22 21:46:34.564382
469,Adriana Ferreira,713.561.268-38,447173098,B,2020-07-21,2030-07-19,2026-04-22 21:46:34.564386
470,Joao Silva,958.712.987-90,211418092,E,2013-12-26,2023-12-24,2026-04-22 21:46:34.564394
471,Fernanda Silva,735.622.136-11,567005483,AB,2011-10-18,2021-10-15,2026-04-22 21:46:34.564400
472,Carlos Rodrigues,287.497.953-66,181702141,D,2018-10-18,2028-10-15,2026-04-22 21:46:34.564404
473,Joao Souza,742.602.633-69,178308489,AC,2019-02-13,2029-02-10,2026-04-22 21:46:34.564408
474,Ricardo Ferreira,131.284.452-77,196666509,AB,2020-05-12,2030-05-10,2026-04-22 21:46:34.564411
475,Ricardo Gomes,834.250.347-67,706057359,D,2020-08-22,2030-08-20,2026-04-22 21:46:34.564415
476,Carlos Lima,978.534.760-76,168784050,D,2022-03-08,2032-03-05,2026-04-22 21:46:34.564419
477,Carlos Gomes,368.345.741-77,358921829,AD,2016-12-17,2026-12-15,2026-04-22 21:46:34.564422
478,Ricardo Gomes,503.255.642-65,769601278,AC,2016-11-19,2026-11-17,2026-04-22 21:46:34.564426
479,Maria Ferreira,203.962.434-82,810367873,AD,2014-03-14,2024-03-11,2026-04-22 21:46:34.564430
480,Joao Oliveira,190.470.658-71,775500832,E,2021-01-04,2031-01-02,2026-04-22 21:46:34.564433
481,Adriana Souza,452.133.180-15,837951249,AB,2015-07-02,2025-06-29,2026-04-22 21:46:34.564437
482,Jose Gomes,862.274.533-14,628877974,D,2013-03-06,2023-03-04,2026-04-22 21:46:34.564440
483,Ana Souza,388.220.123-15,812147495,AC,2014-06-05,2024-06-02,2026-04-22 21:46:34.564444
484,Beatriz Lima,561.674.853-14,616391809,B,2021-03-22,2031-03-20,2026-04-22 21:46:34.564448
485,Paulo Ferreira,657.457.874-63,417523957,AC,2012-01-02,2021-12-30,2026-04-22 21:46:34.564451
486,Carlos Oliveira,615.773.747-18,493482692,E,2019-09-08,2029-09-05,2026-04-22 21:46:34.564455
487,Adriana Souza,647.537.957-94,158746919,C,2019-12-26,2029-12-23,2026-04-22 21:46:34.564458
488,Adriana Oliveira,694.421.769-36,573381857,D,2014-01-06,2024-01-04,2026-04-22 21:46:34.564462
489,Fernanda Ferreira,259.172.719-41,151739957,A,2013-10-01,2023-09-29,2026-04-22 21:46:34.564466
490,Paulo Santos,398.432.268-15,830472276,A,2017-11-13,2027-11-11,2026-04-22 21:46:34.564472
491,Jose Rodrigues,345.801.745-52,237824404,AD,2023-03-29,2033-03-26,2026-04-22 21:46:34.564479
492,Joao Lima,666.866.815-34,874053936,AD,2013-11-16,2023-11-14,2026-04-22 21:46:34.564483
493,Carlos Lima,788.130.783-25,805220020,AE,2018-08-20,2028-08-17,2026-04-22 21:46:34.564487
494,Adriana Gomes,661.287.239-14,474429613,E,2015-04-10,2025-04-07,2026-04-22 21:46:34.564490
495,Adriana Rodrigues,200.187.619-15,672138775,A,2021-10-21,2031-10-19,2026-04-22 21:46:34.564494
496,Carlos Oliveira,394.267.716-59,481780656,AB,2021-11-10,2031-11-08,2026-04-22 21:46:34.564498
497,Adriana Lima,442.189.781-83,182589085,D,2015-04-29,2025-04-26,2026-04-22 21:46:34.564501
498,Carlos Alves,577.919.591-51,813185681,AE,2011-01-27,2021-01-24,2026-04-22 21:46:34.564507
499,Adriana Pereira,498.921.944-86,748592071,C,2014-07-11,2024-07-08,2026-04-22 21:46:34.564511
500,Fernanda Gomes,645.854.352-99,427670827,D,2021-11-30,2031-11-28,2026-04-22 21:46:34.564514
501,Carlos Ferreira,730.189.344-47,760447453,C,2014-08-22,2024-08-19,2026-04-22 21:46:34.564518
502,Maria Gomes,187.903.228-79,462345918,AE,2013-08-22,2023-08-20,2026-04-22 21:46:34.564521
503,Ana Alves,553.180.531-80,658281392,AD,2015-01-25,2025-01-22,2026-04-22 21:46:34.564525
504,Maria Oliveira,162.626.885-81,253902573,AB,2020-02-07,2030-02-04,2026-04-22 21:46:34.564529
505,Beatriz Rodrigues,368.534.852-80,609479824,AE,2016-07-15,2026-07-13,2026-04-22 21:46:34.564533
506,Fernanda Silva,223.830.538-63,235210922,AE,2010-12-21,2020-12-18,2026-04-22 21:46:34.564537
507,Maria Pereira,259.467.507-76,197035466,B,2014-07-28,2024-07-25,2026-04-22 21:46:34.564540
508,Fernanda Lima,123.378.670-93,810675205,AD,2021-01-05,2031-01-03,2026-04-22 21:46:34.564544
509,Beatriz Pereira,431.969.563-85,720734797,C,2017-09-18,2027-09-16,2026-04-22 21:46:34.564548
510,Maria Silva,309.138.436-29,841422221,A,2011-09-16,2021-09-13,2026-04-22 21:46:34.564554
511,Ricardo Alves,339.286.722-72,999866013,AC,2013-02-21,2023-02-19,2026-04-22 21:46:34.564558
512,Jose Lima,658.781.877-44,902821569,AE,2016-04-12,2026-04-10,2026-04-22 21:46:34.564561
513,Ana Pereira,573.199.573-61,979210262,AC,2013-08-30,2023-08-28,2026-04-22 21:46:34.564567
514,Ana Silva,184.548.327-51,705306002,C,2022-05-20,2032-05-17,2026-04-22 21:46:34.564571
515,Paulo Gomes,770.632.257-23,807879158,E,2010-09-30,2020-09-27,2026-04-22 21:46:34.564575
516,Beatriz Alves,343.920.312-18,808793420,B,2012-08-07,2022-08-05,2026-04-22 21:46:34.564578
517,Joao Gomes,961.483.845-60,871402165,C,2018-04-13,2028-04-10,2026-04-22 21:46:34.564582
518,Beatriz Silva,751.149.951-64,705946846,AC,2020-12-03,2030-12-01,2026-04-22 21:46:34.564586
519,Maria Silva,427.118.357-95,551781013,C,2017-03-21,2027-03-19,2026-04-22 21:46:34.564589
520,Paulo Alves,581.858.126-23,729534652,AE,2022-09-19,2032-09-16,2026-04-22 21:46:34.564593
521,Ana Souza,146.815.785-93,991521767,C,2012-04-12,2022-04-10,2026-04-22 21:46:34.564597
522,Ana Alves,886.908.730-66,850179461,C,2023-07-31,2033-07-28,2026-04-22 21:46:34.564601
523,Carlos Oliveira,171.885.592-12,540210274,AE,2011-10-28,2021-10-25,2026-04-22 21:46:34.564604
524,Jose Gomes,249.554.433-51,248396472,B,2014-01-08,2024-01-06,2026-04-22 21:46:34.564608
525,Joao Silva,284.151.533-79,345921975,AE,2019-08-07,2029-08-04,2026-04-22 21:46:34.564612
526,Fernanda Pereira,540.976.286-60,682794455,AE,2021-04-19,2031-04-17,2026-04-22 21:46:34.564615
527,Carlos Oliveira,107.685.906-54,733270785,C,2015-09-03,2025-08-31,2026-04-22 21:46:34.564623
528,Fernanda Santos,641.499.225-71,480223651,B,2020-02-25,2030-02-22,2026-04-22 21:46:34.564627
529,Carlos Souza,304.769.771-64,253158824,E,2010-03-24,2020-03-21,2026-04-22 21:46:34.564633
530,Joao Oliveira,221.462.729-12,906059516,A,2016-06-09,2026-06-07,2026-04-22 21:46:34.564636
531,Carlos Gomes,790.737.210-43,621540289,C,2017-07-13,2027-07-11,2026-04-22 21:46:34.564640
532,Ricardo Pereira,184.728.916-42,548320523,E,2023-06-25,2033-06-22,2026-04-22 21:46:34.564644
533,Beatriz Ferreira,623.399.864-10,360942971,AD,2015-01-04,2025-01-01,2026-04-22 21:46:34.564647
534,Joao Ferreira,387.131.382-29,265110744,E,2014-10-31,2024-10-28,2026-04-22 21:46:34.564653
535,Ricardo Alves,181.871.313-16,208330328,E,2020-10-14,2030-10-12,2026-04-22 21:46:34.564657
536,Joao Ferreira,721.613.920-33,805633470,D,2020-02-23,2030-02-20,2026-04-22 21:46:34.564661
537,Joao Ferreira,421.865.244-46,310993613,B,2011-05-14,2021-05-11,2026-04-22 21:46:34.564664
538,Carlos Pereira,580.239.146-72,226810274,AE,2013-03-19,2023-03-17,2026-04-22 21:46:34.564668
539,Fernanda Oliveira,808.508.565-70,844073836,E,2015-02-16,2025-02-13,2026-04-22 21:46:34.564672
540,Adriana Silva,271.141.340-18,415655801,C,2016-08-26,2026-08-24,2026-04-22 21:46:34.564675
541,Joao Silva,630.736.626-48,670524382,A,2012-12-04,2022-12-02,2026-04-22 21:46:34.564679
542,Maria Santos,947.257.454-37,120834361,AC,2018-04-03,2028-03-31,2026-04-22 21:46:34.564682
543,Carlos Alves,822.208.434-35,253501501,A,2019-03-04,2029-03-01,2026-04-22 21:46:34.564686
544,Joao Santos,125.506.120-48,689460198,AB,2017-12-23,2027-12-21,2026-04-22 21:46:34.564690
545,Jose Alves,836.451.849-91,818597623,C,2014-05-22,2024-05-19,2026-04-22 21:46:34.564694
546,Ricardo Oliveira,986.922.485-24,636691579,E,2012-05-01,2022-04-29,2026-04-22 21:46:34.564697
547,Jose Gomes,934.143.131-69,514206333,D,2016-10-06,2026-10-04,2026-04-22 21:46:34.564701
548,Paulo Oliveira,992.575.954-78,144240356,A,2016-08-21,2026-08-19,2026-04-22 21:46:34.564705
549,Adriana Silva,589.284.224-37,996100527,AB,2022-10-17,2032-10-14,2026-04-22 21:46:34.564711
550,Paulo Souza,593.764.858-14,356966112,C,2014-02-28,2024-02-26,2026-04-22 21:46:34.564714
551,Fernanda Rodrigues,816.886.986-88,365735013,AE,2019-02-03,2029-01-31,2026-04-22 21:46:34.564718
552,Beatriz Silva,113.917.270-11,851149361,AD,2019-02-08,2029-02-05,2026-04-22 21:46:34.564721
553,Ricardo Lima,636.598.944-77,698128144,B,2019-04-30,2029-04-27,2026-04-22 21:46:34.564725
554,Ana Ferreira,607.341.918-47,534563373,D,2014-04-06,2024-04-03,2026-04-22 21:46:34.564729
555,Fernanda Pereira,501.621.628-27,565663291,B,2013-11-19,2023-11-17,2026-04-22 21:46:34.564737
556,Joao Gomes,580.708.244-61,176630601,AB,2013-09-21,2023-09-19,2026-04-22 21:46:34.564740
557,Ricardo Pereira,924.567.414-48,478423206,A,2010-07-24,2020-07-21,2026-04-22 21:46:34.564744
558,Beatriz Santos,220.448.791-93,351024349,AB,2018-04-22,2028-04-19,2026-04-22 21:46:34.564748
559,Jose Rodrigues,390.263.857-96,823153291,C,2017-06-25,2027-06-23,2026-04-22 21:46:34.564751
560,Beatriz Santos,776.176.206-71,994534064,AB,2019-01-07,2029-01-04,2026-04-22 21:46:34.564755
561,Joao Santos,189.349.176-83,642369322,AE,2016-02-14,2026-02-11,2026-04-22 21:46:34.564759
562,Carlos Oliveira,114.115.356-66,882358703,A,2017-12-21,2027-12-19,2026-04-22 21:46:34.564762
563,Carlos Alves,103.151.585-92,216613254,AD,2016-06-13,2026-06-11,2026-04-22 21:46:34.564766
564,Ricardo Gomes,239.918.667-30,863793159,AD,2015-07-12,2025-07-09,2026-04-22 21:46:34.564770
565,Joao Lima,245.598.457-90,355866959,AD,2010-07-30,2020-07-27,2026-04-22 21:46:34.564773
566,Beatriz Rodrigues,122.929.421-87,232679920,B,2016-02-10,2026-02-07,2026-04-22 21:46:34.564777
567,Beatriz Silva,481.252.306-97,234489476,A,2011-05-27,2021-05-24,2026-04-22 21:46:34.564780
568,Carlos Souza,197.656.702-64,489143754,E,2015-11-10,2025-11-07,2026-04-22 21:46:34.564786
569,Maria Rodrigues,862.862.469-96,448671813,E,2014-10-17,2024-10-14,2026-04-22 21:46:34.564790
570,Beatriz Santos,920.380.437-99,592166300,AE,2014-06-28,2024-06-25,2026-04-22 21:46:34.564793
571,Fernanda Santos,936.292.294-92,446495401,AC,2015-08-20,2025-08-17,2026-04-22 21:46:34.564797
572,Ana Rodrigues,947.616.945-39,867582140,E,2021-06-28,2031-06-26,2026-04-22 21:46:34.564800
573,Joao Lima,650.488.807-97,436915143,B,2014-01-19,2024-01-17,2026-04-22 21:46:34.564804
574,Fernanda Oliveira,376.649.400-75,297517848,C,2017-10-06,2027-10-04,2026-04-22 21:46:34.564808
575,Ricardo Alves,228.409.787-67,777179440,AE,2014-09-25,2024-09-22,2026-04-22 21:46:34.564811
576,Jose Alves,485.567.819-66,237254993,AC,2011-02-07,2021-02-04,2026-04-22 21:46:34.564817
577,Maria Santos,415.728.124-99,675113640,A,2020-05-21,2030-05-19,2026-04-22 21:46:34.564821
578,Fernanda Souza,503.998.504-22,630420868,AB,2022-12-09,2032-12-06,2026-04-22 21:46:34.564824
579,Joao Silva,927.268.790-94,818857074,D,2017-02-16,2027-02-14,2026-04-22 21:46:34.564828
580,Beatriz Alves,746.350.857-93,115941942,C,2020-10-23,2030-10-21,2026-04-22 21:46:34.564831
581,Maria Rodrigues,397.470.742-43,237318917,E,2017-07-04,2027-07-02,2026-04-22 21:46:34.564835
582,Fernanda Santos,156.218.303-79,838145541,E,2014-11-12,2024-11-09,2026-04-22 21:46:34.564838
583,Maria Oliveira,474.301.121-78,556388977,AD,2012-03-30,2022-03-28,2026-04-22 21:46:34.564844
584,Ricardo Alves,238.823.153-93,582376812,C,2018-07-26,2028-07-23,2026-04-22 21:46:34.564848
585,Carlos Souza,140.714.395-55,766531893,AC,2018-12-19,2028-12-16,2026-04-22 21:46:34.564851
586,Ricardo Souza,423.919.810-90,670014929,AD,2015-12-25,2025-12-22,2026-04-22 21:46:34.564855
587,Jose Rodrigues,511.192.155-93,166064761,C,2020-01-09,2030-01-06,2026-04-22 21:46:34.564859
588,Maria Gomes,265.305.627-49,119310460,A,2021-05-17,2031-05-15,2026-04-22 21:46:34.564864
589,Adriana Santos,487.525.105-14,756157164,AB,2010-11-20,2020-11-17,2026-04-22 21:46:34.564868
590,Paulo Santos,155.746.163-36,959624347,B,2013-05-30,2023-05-28,2026-04-22 21:46:34.564872
591,Paulo Alves,851.186.830-77,185441127,AE,2018-04-17,2028-04-14,2026-04-22 21:46:34.564879
592,Ricardo Ferreira,438.697.295-38,555132189,C,2014-12-24,2024-12-21,2026-04-22 21:46:34.564883
593,Carlos Rodrigues,732.503.397-11,626299872,AE,2017-01-27,2027-01-25,2026-04-22 21:46:34.564886
594,Adriana Lima,342.876.923-41,219860134,AC,2012-05-17,2022-05-15,2026-04-22 21:46:34.564890
595,Maria Rodrigues,536.173.177-15,870145364,E,2013-01-19,2023-01-17,2026-04-22 21:46:34.564894
596,Beatriz Santos,896.427.202-57,787124980,AD,2014-04-29,2024-04-26,2026-04-22 21:46:34.564897
597,Beatriz Souza,563.426.975-79,132496615,B,2013-10-24,2023-10-22,2026-04-22 21:46:34.564901
598,Joao Pereira,408.874.156-45,122013070,B,2020-08-14,2030-08-12,2026-04-22 21:46:34.564907
599,Paulo Ferreira,306.573.695-35,278216288,AC,2022-02-10,2032-02-08,2026-04-22 21:46:34.564910
600,Ana Alves,417.654.872-60,361008909,E,2022-11-03,2032-10-31,2026-04-22 21:46:34.564914
601,Joao Santos,565.228.180-42,231158190,B,2012-02-01,2022-01-29,2026-04-22 21:46:34.564918
602,Carlos Alves,163.187.437-73,693740252,AD,2012-06-26,2022-06-24,2026-04-22 21:46:34.564921
603,Ana Gomes,262.262.903-16,596744434,AB,2021-03-27,2031-03-25,2026-04-22 21:46:34.564925
604,Beatriz Rodrigues,583.622.302-22,312114138,D,2010-08-29,2020-08-26,2026-04-22 21:46:34.564929
605,Ricardo Lima,503.971.912-74,345528525,AC,2021-11-16,2031-11-14,2026-04-22 21:46:34.564933
606,Carlos Ferreira,773.689.664-89,834443567,AB,2010-03-18,2020-03-15,2026-04-22 21:46:34.564936
607,Carlos Alves,830.775.383-73,260637802,AD,2015-10-26,2025-10-23,2026-04-22 21:46:34.564942
608,Carlos Gomes,291.631.519-77,124739107,C,2015-03-12,2025-03-09,2026-04-22 21:46:34.564946
609,Carlos Pereira,257.338.129-30,930778134,AC,2022-05-09,2032-05-06,2026-04-22 21:46:34.564950
610,Paulo Lima,339.600.615-25,208904331,AB,2010-08-01,2020-07-29,2026-04-22 21:46:34.564953
611,Beatriz Rodrigues,368.114.338-36,849510210,AB,2021-02-16,2031-02-14,2026-04-22 21:46:34.564957
612,Ana Souza,280.593.954-32,218577102,B,2019-01-06,2029-01-03,2026-04-22 21:46:34.564963
613,Ana Gomes,704.557.908-57,235408817,B,2021-12-06,2031-12-04,2026-04-22 21:46:34.564966
614,Ricardo Souza,739.332.716-36,360782382,C,2023-03-04,2033-03-01,2026-04-22 21:46:34.564970
615,Beatriz Alves,541.104.445-39,783906606,AB,2019-03-15,2029-03-12,2026-04-22 21:46:34.564974
616,Ricardo Alves,367.114.992-31,558449942,B,2010-02-14,2020-02-12,2026-04-22 21:46:34.564977
617,Maria Rodrigues,383.524.236-54,710738796,A,2012-04-11,2022-04-09,2026-04-22 21:46:34.564981
618,Fernanda Lima,341.251.223-35,391284740,D,2011-01-19,2021-01-16,2026-04-22 21:46:34.564985
619,Carlos Lima,923.349.341-73,923354948,AD,2016-03-02,2026-02-28,2026-04-22 21:46:34.564991
620,Fernanda Silva,212.613.955-88,424048816,D,2018-11-09,2028-11-06,2026-04-22 21:46:34.564994
621,Adriana Gomes,401.786.836-90,275453059,AD,2012-05-23,2022-05-21,2026-04-22 21:46:34.564998
622,Jose Lima,889.730.698-65,274281745,AB,2017-01-06,2027-01-04,2026-04-22 21:46:34.565002
623,Ricardo Pereira,323.978.635-27,650150603,AD,2013-02-21,2023-02-19,2026-04-22 21:46:34.565005
624,Adriana Silva,819.249.146-80,534214934,AB,2018-11-25,2028-11-22,2026-04-22 21:46:34.565010
625,Carlos Gomes,474.544.547-75,237385277,AC,2012-04-29,2022-04-27,2026-04-22 21:46:34.565017
626,Jose Pereira,249.450.985-98,878845105,AC,2014-05-14,2024-05-11,2026-04-22 21:46:34.565022
627,Joao Alves,230.800.571-68,860322986,B,2016-11-11,2026-11-09,2026-04-22 21:46:34.565032
628,Ricardo Lima,668.220.289-76,710571296,A,2021-09-17,2031-09-15,2026-04-22 21:46:34.565039
629,Ana Oliveira,172.809.317-25,272688976,AD,2012-09-06,2022-09-04,2026-04-22 21:46:34.565047
630,Ricardo Santos,963.198.163-94,907080017,A,2012-02-03,2022-01-31,2026-04-22 21:46:34.565054
631,Ana Silva,949.613.475-46,582736294,C,2021-04-11,2031-04-09,2026-04-22 21:46:34.565061
632,Carlos Oliveira,459.450.220-98,319885668,B,2014-07-03,2024-06-30,2026-04-22 21:46:34.565068
633,Fernanda Pereira,522.149.958-58,635620373,AB,2014-07-06,2024-07-03,2026-04-22 21:46:34.565075
634,Ricardo Oliveira,569.843.143-27,100896366,AB,2013-09-14,2023-09-12,2026-04-22 21:46:34.565083
635,Joao Souza,776.284.850-51,878661283,D,2012-10-14,2022-10-12,2026-04-22 21:46:34.565090
636,Ana Rodrigues,477.393.132-40,306238925,AB,2011-04-02,2021-03-30,2026-04-22 21:46:34.565097
637,Ricardo Santos,281.553.416-95,757903130,AE,2012-09-22,2022-09-20,2026-04-22 21:46:34.565104
638,Adriana Ferreira,590.406.902-87,787853573,C,2017-10-24,2027-10-22,2026-04-22 21:46:34.565111
639,Jose Alves,675.987.838-66,156707896,AC,2010-01-02,2019-12-31,2026-04-22 21:46:34.565119
640,Ana Ferreira,340.542.620-92,434858388,D,2020-07-12,2030-07-10,2026-04-22 21:46:34.565134
641,Beatriz Gomes,796.723.713-46,526826132,E,2020-11-20,2030-11-18,2026-04-22 21:46:34.565142
642,Jose Santos,966.677.225-36,805205748,B,2022-03-19,2032-03-16,2026-04-22 21:46:34.565149
643,Paulo Santos,790.832.314-45,857510680,D,2010-11-03,2020-10-31,2026-04-22 21:46:34.565157
644,Adriana Gomes,925.477.687-43,483342646,AD,2022-06-02,2032-05-30,2026-04-22 21:46:34.565165
645,Maria Alves,968.638.182-98,288810957,AC,2010-05-21,2020-05-18,2026-04-22 21:46:34.565172
646,Jose Gomes,968.737.629-25,149593139,B,2019-01-16,2029-01-13,2026-04-22 21:46:34.565183
647,Jose Souza,219.367.803-23,935782097,AE,2021-02-08,2031-02-06,2026-04-22 21:46:34.565190
648,Ana Gomes,912.349.413-71,155106489,AC,2016-04-01,2026-03-30,2026-04-22 21:46:34.565198
649,Adriana Alves,598.604.595-79,578374876,B,2010-09-13,2020-09-10,2026-04-22 21:46:34.565206
650,Fernanda Ferreira,236.625.200-37,190617615,B,2016-12-18,2026-12-16,2026-04-22 21:46:34.565214
651,Jose Rodrigues,372.591.831-32,446453709,D,2011-02-10,2021-02-07,2026-04-22 21:46:34.565222
652,Paulo Rodrigues,937.270.198-19,902271959,B,2017-07-05,2027-07-03,2026-04-22 21:46:34.565229
653,Carlos Alves,849.427.856-42,810818214,AE,2016-08-05,2026-08-03,2026-04-22 21:46:34.565235
654,Joao Rodrigues,876.434.330-67,641059630,A,2023-01-30,2033-01-27,2026-04-22 21:46:34.565243
655,Adriana Alves,832.572.642-67,337817081,AC,2020-03-22,2030-03-20,2026-04-22 21:46:34.565254
656,Adriana Lima,454.208.190-21,877197150,A,2013-05-07,2023-05-05,2026-04-22 21:46:34.565262
657,Ana Silva,964.357.633-27,958918520,A,2012-06-17,2022-06-15,2026-04-22 21:46:34.565269
658,Jose Oliveira,226.751.586-52,660755110,AE,2015-03-09,2025-03-06,2026-04-22 21:46:34.565277
659,Carlos Alves,582.277.335-78,651379867,B,2010-08-20,2020-08-17,2026-04-22 21:46:34.565285
660,Ricardo Alves,322.597.293-52,988972160,B,2013-12-21,2023-12-19,2026-04-22 21:46:34.565293
661,Fernanda Santos,621.815.558-94,205139725,AB,2015-10-14,2025-10-11,2026-04-22 21:46:34.565304
662,Carlos Alves,554.362.974-79,549729162,D,2018-12-06,2028-12-03,2026-04-22 21:46:34.565312
663,Jose Santos,185.254.853-96,463287063,A,2011-05-18,2021-05-15,2026-04-22 21:46:34.565320
664,Ricardo Silva,661.802.209-36,404313567,D,2013-09-06,2023-09-04,2026-04-22 21:46:34.565328
665,Ana Oliveira,894.915.736-13,867071208,AE,2018-06-15,2028-06-12,2026-04-22 21:46:34.565336
666,Maria Ferreira,231.317.345-61,502560436,C,2011-01-16,2021-01-13,2026-04-22 21:46:34.565347
667,Joao Oliveira,401.982.461-93,983779822,AD,2014-08-01,2024-07-29,2026-04-22 21:46:34.565354
668,Ana Silva,588.445.190-46,797618034,B,2010-10-23,2020-10-20,2026-04-22 21:46:34.565364
669,Beatriz Pereira,532.665.862-86,784914920,A,2023-01-19,2033-01-16,2026-04-22 21:46:34.565371
670,Carlos Pereira,653.963.569-74,627955084,A,2017-05-15,2027-05-13,2026-04-22 21:46:34.565377
671,Ricardo Santos,920.240.726-81,881694376,AD,2019-09-18,2029-09-15,2026-04-22 21:46:34.565384
672,Fernanda Silva,130.902.753-41,343285882,AD,2013-10-30,2023-10-28,2026-04-22 21:46:34.565390
673,Maria Souza,707.766.130-41,809806145,A,2014-06-06,2024-06-03,2026-04-22 21:46:34.565397
674,Beatriz Alves,992.192.380-52,797559079,B,2023-06-15,2033-06-12,2026-04-22 21:46:34.565404
675,Maria Silva,719.934.779-45,896367082,D,2010-11-03,2020-10-31,2026-04-22 21:46:34.565411
676,Maria Ferreira,451.282.747-73,148269412,B,2016-05-07,2026-05-05,2026-04-22 21:46:34.565417
677,Beatriz Lima,934.601.352-76,467166441,A,2011-09-19,2021-09-16,2026-04-22 21:46:34.565424
678,Jose Gomes,188.357.440-79,429338029,AC,2022-04-03,2032-03-31,2026-04-22 21:46:34.565431
679,Paulo Ferreira,216.428.973-58,421003011,D,2021-09-09,2031-09-07,2026-04-22 21:46:34.565437
680,Ana Santos,124.708.778-76,661829331,AC,2019-12-17,2029-12-14,2026-04-22 21:46:34.565444
681,Joao Pereira,300.588.985-51,853680806,B,2021-12-02,2031-11-30,2026-04-22 21:46:34.565451
682,Jose Lima,205.190.960-54,816036817,AD,2021-02-13,2031-02-11,2026-04-22 21:46:34.565457
683,Ana Pereira,810.844.719-65,556570332,A,2016-11-14,2026-11-12,2026-04-22 21:46:34.565469
684,Ricardo Santos,763.398.691-32,827583260,AD,2014-08-03,2024-07-31,2026-04-22 21:46:34.565476
685,Ricardo Pereira,934.429.634-55,716087087,B,2012-08-13,2022-08-11,2026-04-22 21:46:34.565487
686,Paulo Ferreira,124.378.240-16,985298881,C,2019-03-30,2029-03-27,2026-04-22 21:46:34.565494
687,Ana Pereira,999.772.510-98,250635017,AD,2019-01-04,2029-01-01,2026-04-22 21:46:34.565533
688,Fernanda Ferreira,561.432.904-57,324546255,A,2012-02-02,2022-01-30,2026-04-22 21:46:34.565543
689,Joao Souza,709.284.404-56,364596960,AB,2013-01-15,2023-01-13,2026-04-22 21:46:34.565551
690,Maria Alves,113.712.382-22,193204583,D,2021-01-20,2031-01-18,2026-04-22 21:46:34.565558
691,Beatriz Rodrigues,252.651.684-61,870202492,D,2018-10-30,2028-10-27,2026-04-22 21:46:34.565566
692,Adriana Pereira,585.362.356-97,475141975,AE,2011-04-07,2021-04-04,2026-04-22 21:46:34.565574
693,Ricardo Pereira,508.144.535-90,838303995,AC,2022-03-06,2032-03-03,2026-04-22 21:46:34.565582
694,Jose Santos,521.309.589-96,132222534,B,2021-07-21,2031-07-19,2026-04-22 21:46:34.565589
695,Ricardo Lima,326.106.489-74,516301781,AE,2015-11-23,2025-11-20,2026-04-22 21:46:34.565597
696,Joao Pereira,772.420.828-63,886706276,A,2011-10-18,2021-10-15,2026-04-22 21:46:34.565604
697,Adriana Pereira,181.558.687-86,760672582,AE,2018-06-09,2028-06-06,2026-04-22 21:46:34.565620
698,Jose Lima,431.856.256-14,673850947,A,2020-11-19,2030-11-17,2026-04-22 21:46:34.565627
699,Ana Ferreira,306.130.179-11,229042716,A,2011-06-19,2021-06-16,2026-04-22 21:46:34.565634
700,Beatriz Gomes,656.600.939-27,522084657,E,2021-12-11,2031-12-09,2026-04-22 21:46:34.565641
701,Fernanda Lima,682.705.424-19,201076130,D,2017-09-05,2027-09-03,2026-04-22 21:46:34.565649
702,Adriana Souza,807.933.519-13,143314975,D,2014-06-19,2024-06-16,2026-04-22 21:46:34.565656
703,Fernanda Pereira,709.253.176-95,970040829,AC,2016-03-24,2026-03-22,2026-04-22 21:46:34.565663
704,Ana Pereira,368.513.292-18,475504848,D,2012-01-18,2022-01-15,2026-04-22 21:46:34.565676
705,Adriana Lima,809.193.554-88,342416081,A,2023-08-18,2033-08-15,2026-04-22 21:46:34.565687
706,Ricardo Ferreira,826.912.944-61,359699003,AD,2015-01-28,2025-01-25,2026-04-22 21:46:34.565696
707,Carlos Alves,266.914.451-96,945100963,D,2010-12-02,2020-11-29,2026-04-22 21:46:34.565703
708,Fernanda Souza,580.436.236-19,132021341,E,2018-02-26,2028-02-24,2026-04-22 21:46:34.565712
709,Ricardo Gomes,126.875.654-88,725455321,B,2018-05-25,2028-05-22,2026-04-22 21:46:34.565725
710,Carlos Ferreira,763.348.339-82,723279175,A,2011-10-19,2021-10-16,2026-04-22 21:46:34.565735
711,Fernanda Alves,491.605.345-69,280993490,C,2019-08-02,2029-07-30,2026-04-22 21:46:34.565743
712,Ana Alves,159.283.437-22,799504814,E,2020-09-03,2030-09-01,2026-04-22 21:46:34.565751
713,Ana Santos,599.921.691-12,858811634,A,2017-10-26,2027-10-24,2026-04-22 21:46:34.565758
714,Jose Souza,441.251.220-26,831553910,AB,2019-10-11,2029-10-08,2026-04-22 21:46:34.565766
715,Carlos Silva,364.498.442-97,888249792,B,2017-12-26,2027-12-24,2026-04-22 21:46:34.565773
716,Maria Pereira,862.277.392-15,910102731,C,2010-08-20,2020-08-17,2026-04-22 21:46:34.565780
717,Jose Ferreira,188.570.195-20,702356643,E,2013-02-17,2023-02-15,2026-04-22 21:46:34.565787
718,Ricardo Alves,213.314.446-71,222532107,AC,2013-11-05,2023-11-03,2026-04-22 21:46:34.565794
719,Beatriz Rodrigues,115.412.595-46,764990923,C,2015-05-31,2025-05-28,2026-04-22 21:46:34.565804
720,Adriana Gomes,546.420.479-48,329032391,E,2012-03-17,2022-03-15,2026-04-22 21:46:34.565811
721,Fernanda Ferreira,939.138.710-87,965727832,C,2018-06-16,2028-06-13,2026-04-22 21:46:34.565819
722,Ricardo Ferreira,357.619.914-33,779252059,B,2011-02-14,2021-02-11,2026-04-22 21:46:34.565826
723,Adriana Pereira,459.516.211-33,608435173,B,2015-11-13,2025-11-10,2026-04-22 21:46:34.565834
724,Adriana Pereira,151.744.814-55,738672380,A,2011-03-23,2021-03-20,2026-04-22 21:46:34.565845
725,Joao Ferreira,533.490.688-49,415423939,A,2015-04-01,2025-03-29,2026-04-22 21:46:34.565857
726,Carlos Santos,730.897.149-96,693385474,C,2016-05-06,2026-05-04,2026-04-22 21:46:34.565864
727,Ana Souza,163.312.582-29,208382092,AB,2013-09-24,2023-09-22,2026-04-22 21:46:34.565871
728,Adriana Alves,524.921.283-23,469840830,E,2021-02-10,2031-02-08,2026-04-22 21:46:34.565878
729,Fernanda Silva,111.965.908-18,869597390,B,2021-06-27,2031-06-25,2026-04-22 21:46:34.565885
730,Jose Santos,970.540.191-39,694913330,C,2022-03-01,2032-02-27,2026-04-22 21:46:34.565893
731,Ana Oliveira,587.979.525-38,820699998,B,2022-05-28,2032-05-25,2026-04-22 21:46:34.565900
732,Jose Ferreira,979.272.694-88,965511598,A,2018-09-23,2028-09-20,2026-04-22 21:46:34.565906
733,Joao Alves,213.383.626-52,129994257,A,2016-09-15,2026-09-13,2026-04-22 21:46:34.565913
734,Paulo Alves,337.279.704-35,582558639,D,2012-11-05,2022-11-03,2026-04-22 21:46:34.565920
735,Jose Santos,886.915.588-35,297480429,AC,2010-04-03,2020-03-31,2026-04-22 21:46:34.565927
736,Adriana Oliveira,213.815.931-74,864022829,C,2016-05-26,2026-05-24,2026-04-22 21:46:34.565934
737,Ricardo Silva,792.966.622-50,264090204,A,2010-06-19,2020-06-16,2026-04-22 21:46:34.565940
738,Fernanda Lima,224.951.658-34,280096163,A,2013-10-13,2023-10-11,2026-04-22 21:46:34.565948
739,Jose Santos,771.485.666-25,961513060,D,2021-05-07,2031-05-05,2026-04-22 21:46:34.565955
740,Beatriz Santos,996.469.190-45,936233235,B,2014-10-26,2024-10-23,2026-04-22 21:46:34.565962
741,Ana Santos,697.982.475-34,399334822,AE,2020-12-29,2030-12-27,2026-04-22 21:46:34.565969
742,Adriana Pereira,750.537.451-40,907833137,AC,2018-12-23,2028-12-20,2026-04-22 21:46:34.565975
743,Beatriz Rodrigues,393.824.265-98,916372074,E,2016-08-21,2026-08-19,2026-04-22 21:46:34.566022
744,Jose Lima,491.862.148-55,669208665,A,2015-12-10,2025-12-07,2026-04-22 21:46:34.566042
745,Maria Gomes,624.834.826-14,491818821,E,2013-10-05,2023-10-03,2026-04-22 21:46:34.566050
746,Ana Souza,236.915.382-74,450035942,AB,2012-11-21,2022-11-19,2026-04-22 21:46:34.566061
747,Ana Alves,568.185.517-72,200752438,AD,2015-11-16,2025-11-13,2026-04-22 21:46:34.566068
748,Jose Pereira,313.682.402-28,464305554,AE,2018-07-07,2028-07-04,2026-04-22 21:46:34.566074
749,Ricardo Alves,316.612.255-31,861663120,B,2012-12-03,2022-12-01,2026-04-22 21:46:34.566081
750,Ana Silva,361.243.465-87,233044907,E,2022-12-27,2032-12-24,2026-04-22 21:46:34.566087
751,Joao Lima,970.983.415-76,647613874,AE,2017-11-17,2027-11-15,2026-04-22 21:46:34.566094
752,Fernanda Pereira,144.188.449-38,366189777,B,2018-05-11,2028-05-08,2026-04-22 21:46:34.566100
753,Carlos Santos,942.955.682-95,886743449,AD,2019-04-25,2029-04-22,2026-04-22 21:46:34.566107
754,Joao Lima,560.673.928-48,952439028,D,2012-04-01,2022-03-30,2026-04-22 21:46:34.566117
755,Adriana Souza,402.605.851-98,967714276,AC,2016-05-01,2026-04-29,2026-04-22 21:46:34.566124
756,Ricardo Silva,579.370.752-96,522832814,AC,2017-12-08,2027-12-06,2026-04-22 21:46:34.566131
757,Beatriz Lima,583.329.114-83,746840900,C,2019-02-15,2029-02-12,2026-04-22 21:46:34.566138
758,Jose Souza,189.245.483-95,287664029,C,2020-12-11,2030-12-09,2026-04-22 21:46:34.566144
759,Beatriz Santos,470.346.576-31,719976097,B,2023-02-06,2033-02-03,2026-04-22 21:46:34.566151
760,Ana Santos,138.946.838-75,595853613,D,2013-05-10,2023-05-08,2026-04-22 21:46:34.566157
761,Adriana Alves,175.704.106-66,496353947,A,2012-02-05,2022-02-02,2026-04-22 21:46:34.566164
762,Paulo Pereira,302.345.723-93,209481661,AE,2013-03-08,2023-03-06,2026-04-22 21:46:34.566170
763,Ricardo Souza,633.894.954-13,918569952,C,2011-04-14,2021-04-11,2026-04-22 21:46:34.566180
764,Adriana Ferreira,664.771.594-49,961645715,AE,2013-03-03,2023-03-01,2026-04-22 21:46:34.566187
765,Paulo Oliveira,581.936.838-45,417258801,AB,2016-07-12,2026-07-10,2026-04-22 21:46:34.566193
766,Ricardo Rodrigues,629.568.416-23,756234494,AD,2019-10-10,2029-10-07,2026-04-22 21:46:34.566200
767,Joao Lima,154.724.489-92,610273648,AE,2011-01-14,2021-01-11,2026-04-22 21:46:34.566206
768,Jose Rodrigues,323.139.458-33,303830114,AC,2022-05-03,2032-04-30,2026-04-22 21:46:34.566216
769,Jose Ferreira,795.359.174-30,991871879,A,2012-11-24,2022-11-22,2026-04-22 21:46:34.566222
770,Fernanda Silva,594.213.559-39,217439181,D,2018-01-09,2028-01-07,2026-04-22 21:46:34.566228
771,Carlos Santos,604.352.830-65,313571098,B,2018-11-12,2028-11-09,2026-04-22 21:46:34.566234
772,Paulo Rodrigues,128.847.845-60,429442797,B,2016-06-12,2026-06-10,2026-04-22 21:46:34.566240
773,Fernanda Gomes,338.862.992-21,447035438,D,2012-06-21,2022-06-19,2026-04-22 21:46:34.566247
774,Ana Souza,347.402.119-27,622073684,E,2020-02-20,2030-02-17,2026-04-22 21:46:34.566254
775,Paulo Pereira,590.432.612-53,231039743,AE,2014-01-08,2024-01-06,2026-04-22 21:46:34.566260
776,Ricardo Santos,544.861.281-36,358849376,B,2013-06-21,2023-06-19,2026-04-22 21:46:34.566266
777,Maria Pereira,327.341.622-95,113081467,E,2012-01-16,2022-01-13,2026-04-22 21:46:34.566273
778,Fernanda Santos,554.308.233-27,414011145,AB,2019-05-28,2029-05-25,2026-04-22 21:46:34.566280
779,Adriana Souza,187.785.589-27,464474915,A,2020-01-20,2030-01-17,2026-04-22 21:46:34.566287
780,Paulo Alves,352.904.243-76,937800295,E,2021-01-19,2031-01-17,2026-04-22 21:46:34.566293
781,Maria Gomes,541.356.351-55,628246953,B,2021-01-27,2031-01-25,2026-04-22 21:46:34.566300
782,Adriana Pereira,832.206.533-91,782341324,C,2019-08-05,2029-08-02,2026-04-22 21:46:34.566315
783,Carlos Lima,791.361.251-76,499138100,AB,2013-12-21,2023-12-19,2026-04-22 21:46:34.566324
784,Ricardo Lima,174.872.709-83,373726306,AE,2016-05-26,2026-05-24,2026-04-22 21:46:34.566331
785,Maria Lima,462.730.892-33,958359010,C,2011-07-29,2021-07-26,2026-04-22 21:46:34.566337
786,Adriana Lima,445.665.678-94,229976358,C,2020-06-27,2030-06-25,2026-04-22 21:46:34.566344
787,Fernanda Silva,974.790.827-93,185282512,A,2020-07-22,2030-07-20,2026-04-22 21:46:34.566350
788,Maria Rodrigues,937.650.516-84,871843526,D,2014-06-07,2024-06-04,2026-04-22 21:46:34.566356
789,Fernanda Santos,334.977.642-30,259920105,D,2021-03-31,2031-03-29,2026-04-22 21:46:34.566368
790,Paulo Souza,600.607.174-48,403237177,C,2022-08-22,2032-08-19,2026-04-22 21:46:34.566374
791,Ana Alves,423.859.132-37,499129193,AB,2011-02-16,2021-02-13,2026-04-22 21:46:34.566381
792,Ana Gomes,402.864.861-99,316039012,AC,2015-06-14,2025-06-11,2026-04-22 21:46:34.566387
793,Ana Oliveira,362.867.981-52,655121734,B,2018-10-28,2028-10-25,2026-04-22 21:46:34.566393
794,Adriana Souza,509.851.707-37,455890377,AC,2015-08-20,2025-08-17,2026-04-22 21:46:34.566399
795,Jose Lima,114.504.833-36,432645930,AD,2017-06-05,2027-06-03,2026-04-22 21:46:34.566405
796,Paulo Souza,838.358.430-37,225234460,C,2021-07-14,2031-07-12,2026-04-22 21:46:34.566411
797,Fernanda Lima,217.810.507-41,199925763,D,2010-10-12,2020-10-09,2026-04-22 21:46:34.566417
798,Maria Souza,400.512.581-14,647401230,AB,2023-06-22,2033-06-19,2026-04-22 21:46:34.566423
799,Adriana Alves,427.956.505-76,871418199,E,2022-06-14,2032-06-11,2026-04-22 21:46:34.566429
800,Maria Rodrigues,941.712.137-15,831139227,AE,2020-12-11,2030-12-09,2026-04-22 21:46:34.566435
801,Joao Santos,814.802.362-27,509017740,A,2019-06-05,2029-06-02,2026-04-22 21:46:34.566441
802,Paulo Santos,728.303.787-10,976655862,AB,2017-12-27,2027-12-25,2026-04-22 21:46:34.566451
803,Ricardo Alves,821.185.382-10,378444104,AE,2012-04-20,2022-04-18,2026-04-22 21:46:34.566457
804,Carlos Souza,308.853.397-83,586511430,AC,2017-01-13,2027-01-11,2026-04-22 21:46:34.566463
805,Beatriz Oliveira,349.930.696-36,244351098,A,2012-11-04,2022-11-02,2026-04-22 21:46:34.566470
806,Beatriz Alves,166.117.231-48,548168616,C,2013-02-23,2023-02-21,2026-04-22 21:46:34.566477
807,Joao Lima,254.211.475-57,895396774,AD,2014-05-16,2024-05-13,2026-04-22 21:46:34.566489
808,Joao Santos,725.179.691-57,458801835,AB,2018-01-25,2028-01-23,2026-04-22 21:46:34.566499
809,Adriana Lima,625.278.878-39,240788701,C,2014-10-26,2024-10-23,2026-04-22 21:46:34.566507
810,Jose Gomes,268.934.788-94,973143094,C,2011-12-27,2021-12-24,2026-04-22 21:46:34.566523
811,Paulo Santos,882.843.869-71,648719812,AC,2021-11-10,2031-11-08,2026-04-22 21:46:34.566530
812,Maria Silva,348.761.523-40,645180532,B,2022-07-15,2032-07-12,2026-04-22 21:46:34.566536
813,Paulo Ferreira,343.340.686-63,749201689,AD,2018-12-28,2028-12-25,2026-04-22 21:46:34.566543
814,Carlos Alves,831.334.380-11,388469729,B,2015-03-26,2025-03-23,2026-04-22 21:46:34.566549
815,Fernanda Lima,115.131.943-71,748620668,D,2023-07-05,2033-07-02,2026-04-22 21:46:34.566556
816,Fernanda Silva,805.983.862-43,918433608,AD,2022-10-24,2032-10-21,2026-04-22 21:46:34.566563
817,Paulo Souza,367.227.734-55,293609935,C,2011-06-09,2021-06-06,2026-04-22 21:46:34.566570
818,Fernanda Ferreira,818.931.514-69,644403584,B,2011-01-01,2020-12-29,2026-04-22 21:46:34.566577
819,Adriana Alves,987.689.897-97,633557417,AD,2017-02-01,2027-01-30,2026-04-22 21:46:34.566584
820,Ricardo Silva,759.191.412-33,296667070,A,2017-08-30,2027-08-28,2026-04-22 21:46:34.566591
821,Maria Rodrigues,394.464.747-52,123693052,C,2012-08-31,2022-08-29,2026-04-22 21:46:34.566597
822,Fernanda Lima,839.208.860-81,500947985,AE,2017-02-03,2027-02-01,2026-04-22 21:46:34.566608
823,Joao Santos,397.411.455-47,195183985,AD,2015-08-19,2025-08-16,2026-04-22 21:46:34.566615
824,Paulo Silva,614.237.586-64,102425516,D,2014-11-16,2024-11-13,2026-04-22 21:46:34.566622
825,Paulo Souza,853.748.534-49,579802403,D,2012-11-22,2022-11-20,2026-04-22 21:46:34.566628
826,Fernanda Lima,188.649.694-90,542904878,AC,2010-10-27,2020-10-24,2026-04-22 21:46:34.566635
827,Jose Souza,699.288.963-24,285146060,B,2021-09-24,2031-09-22,2026-04-22 21:46:34.566641
828,Adriana Rodrigues,785.884.772-27,443827612,E,2020-11-02,2030-10-31,2026-04-22 21:46:34.566648
829,Joao Rodrigues,793.915.975-95,852384284,B,2017-03-02,2027-02-28,2026-04-22 21:46:34.566655
830,Maria Rodrigues,888.442.630-95,247509890,E,2018-02-09,2028-02-07,2026-04-22 21:46:34.566661
831,Paulo Lima,320.691.996-15,694013286,AE,2017-04-20,2027-04-18,2026-04-22 21:46:34.566672
832,Paulo Gomes,446.297.229-15,540320476,AB,2020-02-23,2030-02-20,2026-04-22 21:46:34.566679
833,Fernanda Gomes,840.999.547-40,750762731,AD,2010-05-05,2020-05-02,2026-04-22 21:46:34.566686
834,Maria Rodrigues,746.337.270-19,947798962,E,2012-11-12,2022-11-10,2026-04-22 21:46:34.566694
835,Maria Oliveira,285.634.607-48,381524040,A,2013-04-09,2023-04-07,2026-04-22 21:46:34.566700
836,Joao Santos,410.770.484-42,187391790,A,2016-11-06,2026-11-04,2026-04-22 21:46:34.566708
837,Fernanda Souza,456.712.893-86,466235925,E,2021-02-06,2031-02-04,2026-04-22 21:46:34.566714
838,Joao Gomes,746.540.317-39,120550627,A,2017-01-24,2027-01-22,2026-04-22 21:46:34.566725
839,Ana Santos,824.988.580-36,498698093,D,2017-07-12,2027-07-10,2026-04-22 21:46:34.566732
840,Ricardo Lima,714.829.244-53,490706988,A,2023-03-16,2033-03-13,2026-04-22 21:46:34.566739
841,Paulo Lima,171.521.654-22,789442656,AB,2021-04-28,2031-04-26,2026-04-22 21:46:34.566749
842,Adriana Pereira,207.967.106-97,966533327,AC,2015-10-27,2025-10-24,2026-04-22 21:46:34.566756
843,Ana Gomes,451.902.338-62,257838035,AC,2010-06-28,2020-06-25,2026-04-22 21:46:34.566763
844,Adriana Gomes,174.290.295-26,382517382,AE,2018-02-12,2028-02-10,2026-04-22 21:46:34.566770
845,Paulo Souza,598.482.607-96,204595792,A,2010-08-19,2020-08-16,2026-04-22 21:46:34.566777
846,Jose Souza,158.509.646-62,208719293,AE,2022-12-07,2032-12-04,2026-04-22 21:46:34.566786
847,Beatriz Lima,617.996.306-52,669753748,B,2019-06-28,2029-06-25,2026-04-22 21:46:34.566793
848,Paulo Silva,966.808.431-53,185978987,AE,2018-06-20,2028-06-17,2026-04-22 21:46:34.566800
849,Ana Gomes,586.587.730-19,803009506,B,2021-08-17,2031-08-15,2026-04-22 21:46:34.566807
850,Maria Silva,400.724.265-22,395799599,C,2012-09-05,2022-09-03,2026-04-22 21:46:34.566814
851,Beatriz Lima,934.130.789-60,697469163,AC,2021-08-16,2031-08-14,2026-04-22 21:46:34.566820
852,Carlos Ferreira,802.349.628-25,141241884,AC,2023-01-10,2033-01-07,2026-04-22 21:46:34.566827
853,Jose Lima,148.499.169-60,949236869,AC,2023-06-05,2033-06-02,2026-04-22 21:46:34.566838
854,Ana Silva,661.376.538-12,794917741,AD,2021-09-06,2031-09-04,2026-04-22 21:46:34.566845
855,Beatriz Oliveira,101.360.288-82,666042686,AC,2016-06-05,2026-06-03,2026-04-22 21:46:34.566853
856,Beatriz Oliveira,993.600.851-38,410884055,B,2022-04-23,2032-04-20,2026-04-22 21:46:34.566860
857,Maria Souza,772.482.169-50,437474466,AC,2015-01-15,2025-01-12,2026-04-22 21:46:34.566867
858,Jose Souza,193.720.311-43,946973828,AB,2015-09-02,2025-08-30,2026-04-22 21:46:34.566874
859,Paulo Pereira,242.896.353-38,552143958,AB,2017-02-13,2027-02-11,2026-04-22 21:46:34.566881
860,Beatriz Alves,141.616.586-69,345639792,E,2019-04-22,2029-04-19,2026-04-22 21:46:34.566888
861,Beatriz Rodrigues,550.739.859-60,473744467,B,2023-03-07,2033-03-04,2026-04-22 21:46:34.566899
862,Joao Souza,988.536.411-47,833544488,B,2017-04-06,2027-04-04,2026-04-22 21:46:34.566906
863,Fernanda Pereira,522.735.752-37,959633444,AD,2015-11-28,2025-11-25,2026-04-22 21:46:34.566913
864,Joao Pereira,993.657.856-67,477429736,C,2013-10-06,2023-10-04,2026-04-22 21:46:34.566920
865,Fernanda Silva,565.451.981-63,148246742,AE,2018-03-15,2028-03-12,2026-04-22 21:46:34.566927
866,Adriana Ferreira,777.428.898-29,947185974,E,2018-05-25,2028-05-22,2026-04-22 21:46:34.566967
867,Jose Silva,134.155.357-61,538915098,AB,2020-10-09,2030-10-07,2026-04-22 21:46:34.566983
868,Ricardo Gomes,716.865.554-18,543546697,AD,2011-01-03,2020-12-31,2026-04-22 21:46:34.566991
869,Beatriz Lima,676.218.386-82,523181710,D,2012-11-06,2022-11-04,2026-04-22 21:46:34.566998
870,Fernanda Ferreira,475.456.392-31,331083949,B,2021-04-25,2031-04-23,2026-04-22 21:46:34.567005
871,Beatriz Oliveira,435.325.911-34,602869967,AB,2013-01-17,2023-01-15,2026-04-22 21:46:34.567012
872,Ricardo Rodrigues,595.132.919-47,331878396,AC,2012-05-09,2022-05-07,2026-04-22 21:46:34.567019
873,Ana Souza,802.313.692-44,149616747,AD,2013-10-23,2023-10-21,2026-04-22 21:46:34.567026
874,Maria Gomes,567.448.141-33,102255855,A,2020-12-14,2030-12-12,2026-04-22 21:46:34.567037
875,Carlos Pereira,842.173.787-84,934956336,AD,2016-03-02,2026-02-28,2026-04-22 21:46:34.567044
876,Joao Souza,107.250.491-33,656887585,AC,2019-02-27,2029-02-24,2026-04-22 21:46:34.567051
877,Fernanda Rodrigues,745.249.136-94,480019399,AC,2019-03-11,2029-03-08,2026-04-22 21:46:34.567058
878,Fernanda Silva,927.702.509-85,533048789,C,2013-03-06,2023-03-04,2026-04-22 21:46:34.567065
879,Carlos Rodrigues,346.911.163-95,869575554,B,2018-04-19,2028-04-16,2026-04-22 21:46:34.567072
880,Carlos Alves,505.816.895-74,468022231,AB,2016-05-29,2026-05-27,2026-04-22 21:46:34.567082
881,Fernanda Oliveira,812.405.626-62,651684173,E,2014-08-21,2024-08-18,2026-04-22 21:46:34.567088
882,Jose Rodrigues,288.825.360-91,843850395,C,2018-02-07,2028-02-05,2026-04-22 21:46:34.567095
883,Paulo Silva,583.145.901-25,998517060,D,2016-06-30,2026-06-28,2026-04-22 21:46:34.567103
884,Jose Alves,985.626.220-27,398893163,A,2016-03-14,2026-03-12,2026-04-22 21:46:34.567109
885,Paulo Ferreira,934.942.659-11,446542621,B,2021-05-30,2031-05-28,2026-04-22 21:46:34.567116
886,Ana Souza,129.806.728-10,700197350,B,2016-04-05,2026-04-03,2026-04-22 21:46:34.567123
887,Adriana Lima,183.724.745-70,479818265,AD,2010-02-09,2020-02-07,2026-04-22 21:46:34.567131
888,Ricardo Oliveira,965.712.750-74,978206798,AB,2019-01-13,2029-01-10,2026-04-22 21:46:34.567137
889,Paulo Ferreira,795.225.203-92,746484930,AE,2015-10-16,2025-10-13,2026-04-22 21:46:34.567144
890,Jose Silva,373.504.883-60,953901077,AE,2022-01-07,2032-01-05,2026-04-22 21:46:34.567151
891,Carlos Rodrigues,230.359.267-17,872006866,E,2013-10-01,2023-09-29,2026-04-22 21:46:34.567158
892,Maria Gomes,903.882.221-64,935856332,A,2014-03-25,2024-03-22,2026-04-22 21:46:34.567165
893,Fernanda Gomes,137.182.118-56,816019260,C,2011-12-02,2021-11-29,2026-04-22 21:46:34.567172
894,Maria Souza,446.177.216-86,451159442,AD,2011-01-24,2021-01-21,2026-04-22 21:46:34.567179
895,Fernanda Rodrigues,671.751.971-89,708830657,AC,2020-02-29,2030-02-26,2026-04-22 21:46:34.567194
896,Paulo Rodrigues,669.922.362-34,707722853,AE,2018-10-11,2028-10-08,2026-04-22 21:46:34.567201
897,Jose Rodrigues,107.224.165-62,835609187,D,2016-03-26,2026-03-24,2026-04-22 21:46:34.567207
898,Joao Alves,356.102.309-87,631476004,C,2023-09-08,2033-09-05,2026-04-22 21:46:34.567214
899,Adriana Alves,296.384.881-35,499294018,A,2018-12-22,2028-12-19,2026-04-22 21:46:34.567221
900,Maria Oliveira,835.677.437-64,654161145,E,2015-08-06,2025-08-03,2026-04-22 21:46:34.567231
901,Paulo Alves,145.864.378-56,120226913,E,2010-07-08,2020-07-05,2026-04-22 21:46:34.567237
902,Beatriz Oliveira,971.224.286-49,723470084,AC,2022-10-31,2032-10-28,2026-04-22 21:46:34.567244
903,Ana Gomes,768.363.777-43,146479205,AB,2022-08-12,2032-08-09,2026-04-22 21:46:34.567250
904,Ricardo Gomes,550.152.199-48,742206029,A,2012-10-10,2022-10-08,2026-04-22 21:46:34.567257
905,Ana Gomes,480.369.375-64,377182631,A,2017-12-11,2027-12-09,2026-04-22 21:46:34.567264
906,Carlos Alves,576.549.975-90,153761593,B,2015-07-31,2025-07-28,2026-04-22 21:46:34.567270
907,Ricardo Ferreira,407.378.937-46,508033070,A,2013-03-10,2023-03-08,2026-04-22 21:46:34.567276
908,Ricardo Silva,333.879.233-27,156202483,B,2010-05-28,2020-05-25,2026-04-22 21:46:34.567283
909,Paulo Ferreira,261.295.880-52,214396298,AE,2014-05-30,2024-05-27,2026-04-22 21:46:34.567290
910,Carlos Pereira,701.344.523-71,814840981,AE,2012-08-06,2022-08-04,2026-04-22 21:46:34.567300
911,Adriana Oliveira,967.894.258-19,405658923,AD,2012-03-18,2022-03-16,2026-04-22 21:46:34.567307
912,Ricardo Alves,974.980.309-63,310763613,C,2014-06-16,2024-06-13,2026-04-22 21:46:34.567313
913,Fernanda Lima,414.947.751-17,668988750,AB,2020-10-10,2030-10-08,2026-04-22 21:46:34.567320
914,Fernanda Alves,277.759.340-42,249209376,AD,2016-11-14,2026-11-12,2026-04-22 21:46:34.567326
915,Joao Souza,893.181.348-98,112479161,AC,2019-11-07,2029-11-04,2026-04-22 21:46:34.567333
916,Ricardo Silva,422.618.501-47,496246293,AD,2012-02-01,2022-01-29,2026-04-22 21:46:34.567448
917,Fernanda Rodrigues,299.626.118-23,923999244,B,2018-03-30,2028-03-27,2026-04-22 21:46:34.567458
918,Paulo Rodrigues,197.824.246-91,124123092,AC,2020-05-28,2030-05-26,2026-04-22 21:46:34.567465
919,Beatriz Oliveira,660.732.861-79,719598299,AD,2014-05-06,2024-05-03,2026-04-22 21:46:34.567475
920,Fernanda Oliveira,611.169.371-39,665110942,AC,2020-03-22,2030-03-20,2026-04-22 21:46:34.567482
921,Beatriz Alves,554.626.743-92,414589620,E,2022-02-10,2032-02-08,2026-04-22 21:46:34.567489
922,Maria Gomes,972.579.831-24,367150058,AC,2015-11-20,2025-11-17,2026-04-22 21:46:34.567495
923,Fernanda Lima,466.722.321-46,617480725,AB,2010-06-23,2020-06-20,2026-04-22 21:46:34.567505
924,Joao Alves,450.440.498-25,495472056,B,2020-05-17,2030-05-15,2026-04-22 21:46:34.567512
925,Ana Alves,702.195.928-18,767918021,AB,2017-04-07,2027-04-05,2026-04-22 21:46:34.567519
926,Beatriz Alves,182.563.644-79,587366709,D,2012-08-25,2022-08-23,2026-04-22 21:46:34.567526
927,Fernanda Oliveira,528.737.159-53,174803226,AE,2015-11-25,2025-11-22,2026-04-22 21:46:34.567532
928,Beatriz Santos,977.306.164-79,666577787,D,2020-05-14,2030-05-12,2026-04-22 21:46:34.567539
929,Maria Rodrigues,408.981.456-35,510863884,A,2016-09-23,2026-09-21,2026-04-22 21:46:34.567545
930,Ana Lima,541.569.737-49,126466736,B,2010-03-17,2020-03-14,2026-04-22 21:46:34.567552
931,Beatriz Silva,165.598.214-44,517859795,E,2017-07-02,2027-06-30,2026-04-22 21:46:34.567559
932,Maria Silva,683.975.676-84,967258469,D,2016-12-01,2026-11-29,2026-04-22 21:46:34.567565
933,Joao Alves,734.301.573-87,588020492,AE,2011-05-06,2021-05-03,2026-04-22 21:46:34.567571
934,Fernanda Oliveira,436.821.376-69,838532215,AE,2011-07-23,2021-07-20,2026-04-22 21:46:34.567578
935,Ricardo Lima,252.173.624-11,492458709,AB,2014-03-08,2024-03-05,2026-04-22 21:46:34.567585
936,Carlos Oliveira,990.368.840-74,772521454,AB,2015-12-29,2025-12-26,2026-04-22 21:46:34.567591
937,Carlos Gomes,117.577.455-40,869720518,AE,2014-12-18,2024-12-15,2026-04-22 21:46:34.567598
938,Fernanda Oliveira,706.708.614-44,298903823,AD,2010-10-03,2020-09-30,2026-04-22 21:46:34.567609
939,Fernanda Souza,178.308.215-94,793357947,AE,2017-12-18,2027-12-16,2026-04-22 21:46:34.567618
940,Beatriz Ferreira,220.355.664-57,628876517,AD,2015-10-13,2025-10-10,2026-04-22 21:46:34.567625
941,Fernanda Rodrigues,121.542.299-78,496863494,C,2013-04-22,2023-04-20,2026-04-22 21:46:34.567632
942,Adriana Oliveira,485.299.509-39,709483507,E,2018-08-04,2028-08-01,2026-04-22 21:46:34.567639
943,Ricardo Souza,880.967.668-88,139784840,E,2016-04-07,2026-04-05,2026-04-22 21:46:34.567646
944,Maria Gomes,551.325.824-89,234425487,AE,2017-04-04,2027-04-02,2026-04-22 21:46:34.567653
945,Beatriz Lima,977.189.669-14,228937432,E,2013-09-09,2023-09-07,2026-04-22 21:46:34.567658
946,Joao Oliveira,256.168.570-44,294676813,B,2018-02-04,2028-02-02,2026-04-22 21:46:34.567664
947,Carlos Gomes,241.131.597-49,698525251,B,2018-11-22,2028-11-19,2026-04-22 21:46:34.567671
948,Ricardo Pereira,588.341.129-98,881838740,A,2022-12-22,2032-12-19,2026-04-22 21:46:34.567678
949,Ricardo Silva,122.693.187-98,362026131,A,2018-05-15,2028-05-12,2026-04-22 21:46:34.567684
950,Ricardo Souza,187.460.198-34,919838270,AB,2021-07-16,2031-07-14,2026-04-22 21:46:34.567691
951,Beatriz Ferreira,577.844.245-89,522557228,AD,2014-11-11,2024-11-08,2026-04-22 21:46:34.567698
952,Beatriz Oliveira,464.537.468-18,569854549,AB,2021-09-09,2031-09-07,2026-04-22 21:46:34.567708
953,Ricardo Ferreira,643.885.775-80,998451676,AD,2020-08-10,2030-08-08,2026-04-22 21:46:34.567714
954,Ana Gomes,947.384.163-83,358136258,AD,2016-01-26,2026-01-23,2026-04-22 21:46:34.567721
955,Adriana Gomes,903.524.808-79,506246343,D,2012-08-16,2022-08-14,2026-04-22 21:46:34.567727
956,Ricardo Ferreira,102.301.992-35,721844611,B,2022-07-17,2032-07-14,2026-04-22 21:46:34.567734
957,Adriana Rodrigues,842.981.772-64,990271881,AD,2016-12-05,2026-12-03,2026-04-22 21:46:34.567740
958,Joao Silva,905.181.679-55,772670220,AE,2020-03-31,2030-03-29,2026-04-22 21:46:34.567750
959,Jose Ferreira,364.329.268-82,303684760,AC,2010-12-30,2020-12-27,2026-04-22 21:46:34.567759
960,Jose Ferreira,968.966.578-30,948596829,AE,2023-07-20,2033-07-17,2026-04-22 21:46:34.567766
961,Maria Santos,787.838.131-63,529701468,AE,2018-08-15,2028-08-12,2026-04-22 21:46:34.567773
962,Ana Santos,945.139.448-83,562579824,E,2019-11-05,2029-11-02,2026-04-22 21:46:34.567779
963,Beatriz Rodrigues,793.282.351-15,805364488,D,2010-04-17,2020-04-14,2026-04-22 21:46:34.567786
964,Adriana Santos,211.126.623-77,701140274,C,2019-03-28,2029-03-25,2026-04-22 21:46:34.567958
965,Beatriz Pereira,681.496.740-49,213575567,D,2013-06-10,2023-06-08,2026-04-22 21:46:34.567969
966,Adriana Lima,583.936.396-56,151178318,AD,2016-01-17,2026-01-14,2026-04-22 21:46:34.567976
967,Joao Pereira,951.378.565-94,939503934,E,2015-03-30,2025-03-27,2026-04-22 21:46:34.567983
968,Adriana Ferreira,448.888.134-53,264722634,AB,2020-10-02,2030-09-30,2026-04-22 21:46:34.567990
969,Carlos Silva,342.827.137-49,769072901,AB,2014-08-21,2024-08-18,2026-04-22 21:46:34.567997
970,Ana Rodrigues,954.695.269-46,505782045,C,2018-06-02,2028-05-30,2026-04-22 21:46:34.568003
971,Ricardo Oliveira,526.597.252-53,711479354,B,2023-08-23,2033-08-20,2026-04-22 21:46:34.568010
972,Jose Santos,164.141.336-95,524972824,AB,2018-08-17,2028-08-14,2026-04-22 21:46:34.568016
973,Paulo Pereira,835.103.920-28,120221000,AE,2016-05-16,2026-05-14,2026-04-22 21:46:34.568025
974,Joao Santos,289.458.965-82,525464325,E,2012-06-09,2022-06-07,2026-04-22 21:46:34.568052
975,Fernanda Alves,265.689.126-32,786701944,D,2014-11-17,2024-11-14,2026-04-22 21:46:34.568060
976,Ricardo Santos,766.751.734-87,157634407,E,2016-09-02,2026-08-31,2026-04-22 21:46:34.568067
977,Carlos Souza,552.789.317-45,461241899,E,2017-06-27,2027-06-25,2026-04-22 21:46:34.568074
978,Paulo Santos,283.153.973-94,568317703,C,2015-11-29,2025-11-26,2026-04-22 21:46:34.568084
979,Jose Santos,862.369.307-15,741564167,AC,2019-12-01,2029-11-28,2026-04-22 21:46:34.568091
980,Adriana Gomes,807.913.120-93,902909388,E,2020-12-28,2030-12-26,2026-04-22 21:46:34.568103
981,Paulo Silva,316.725.594-69,767506908,AD,2018-11-23,2028-11-20,2026-04-22 21:46:34.568110
982,Ricardo Souza,149.341.557-16,468671379,B,2017-11-23,2027-11-21,2026-04-22 21:46:34.568116
983,Adriana Rodrigues,228.632.135-85,122547233,D,2015-06-28,2025-06-25,2026-04-22 21:46:34.568123
984,Ricardo Oliveira,659.959.501-25,103749206,C,2015-03-27,2025-03-24,2026-04-22 21:46:34.568130
985,Beatriz Ferreira,651.786.523-34,829110488,C,2019-09-14,2029-09-11,2026-04-22 21:46:34.568136
986,Adriana Alves,811.204.623-10,550886066,D,2018-09-06,2028-09-03,2026-04-22 21:46:34.568142
987,Adriana Pereira,137.354.474-49,319879493,C,2010-01-20,2020-01-18,2026-04-22 21:46:34.568149
988,Maria Lima,604.237.808-63,964670806,C,2010-10-14,2020-10-11,2026-04-22 21:46:34.568156
989,Adriana Gomes,898.577.706-76,683964821,B,2020-12-16,2030-12-14,2026-04-22 21:46:34.568162
990,Fernanda Souza,485.605.686-87,573701342,A,2019-09-04,2029-09-01,2026-04-22 21:46:34.568169
991,Ricardo Lima,478.435.154-70,420133296,B,2023-07-30,2033-07-27,2026-04-22 21:46:34.568176
992,Adriana Ferreira,945.286.118-19,494153382,AB,2020-06-29,2030-06-27,2026-04-22 21:46:34.568182
993,Beatriz Ferreira,792.270.410-48,778573837,AD,2017-03-17,2027-03-15,2026-04-22 21:46:34.568188
994,Adriana Ferreira,827.311.718-61,361597695,AC,2018-02-15,2028-02-13,2026-04-22 21:46:34.568195
995,Joao Ferreira,496.625.775-36,786664184,D,2023-03-28,2033-03-25,2026-04-22 21:46:34.568201
996,Ricardo Silva,147.993.348-86,749274129,AB,2019-12-01,2029-11-28,2026-04-22 21:46:34.568208
997,Beatriz Silva,463.873.517-41,555016999,AE,2019-05-20,2029-05-17,2026-04-22 21:46:34.568219
998,Beatriz Alves,896.654.470-10,574824563,AD,2015-06-26,2025-06-23,2026-04-22 21:46:34.568226
999,Joao Santos,829.551.286-67,996239921,C,2012-09-23,2022-09-21,2026-04-22 21:46:34.568232
1000,Ana Oliveira,635.446.850-58,175609025,AC,2012-08-29,2022-08-27,2026-04-22 21:46:34.568239
